ts_10s,best_level_ofi,deep_ofi_0,deep_ofi_1,deep_ofi_2,deep_ofi_3,deep_ofi_4,deep_ofi_5,deep_ofi_6,deep_ofi_7,deep_ofi_8,deep_ofi_9,Q_M_h,integrated_ofi
2024-10-21 11:54:30+00:00,5,1.4457831325301205,115.66265060240963,2.891566265060241,0.0,0.0,0.0,0.0,0.0,0.0,0.0,3.4583333333333335,5.9454621344929235
2024-10-21 11:54:40+00:00,-399,-53.28881469115192,0.9348914858096828,18.964941569282136,-16.160267111853088,-0.5342237061769616,23.37228714524207,-26.71118530884808,-47.545909849749584,8.948247078464107,12.020033388981636,7.4875,-14.344243992852045
2024-10-21 11:54:50+00:00,0,0.0,18.09110629067245,52.060737527114966,1.3015184381778742,3.644251626898048,1.9522776572668112,14.316702819956616,1.3015184381778742,14.316702819956616,13.015184381778742,7.683333333333334,11.08259678365516
2024-10-21 11:55:00+00:00,-137,14.057835820895521,20.52238805970149,1.0261194029850746,4.617537313432836,8.722014925373134,-40.01865671641791,-13.75,-10.158582089552239,-51.30597014925373,-41.04477611940298,-9.745454545454546,-0.45267333747426225
2024-10-21 11:55:10+00:00,0,0.0,78.58942065491183,-8.866498740554155,8.261964735516372,-19.143576826196472,20.151133501259444,-20.151133501259444,2.0151133501259446,9.06801007556675,10.8816120906801,4.9625,1.477338340478314
2024-10-21 11:55:20+00:00,0,0.0,20.0,0.0,0.0,0.0,0.0,0.0,0.0,0.0,0.0,20.0,0.8467736697603598
2024-10-21 11:55:30+00:00,-200,-25.559105431309902,51.118210862619804,0.0,1.5335463258785942,-12.140575079872205,12.779552715654951,-12.779552715654951,1.2779552715654952,5.7507987220447285,6.900958466453674,7.825,-8.66188417632455
2024-10-21 11:55:40+00:00,-1165,-327.4771609276177,262.2628250175685,168.93886156008432,-64.93323963457485,-91.07519325368939,95.57273366127899,-212.50878425860856,11.806043569922698,62.96556570625439,-193.1131412508784,3.5575,-112.32393699651543
2024-10-21 11:55:50+00:00,29,21.09090909090909,12.363636363636363,-138.1818181818182,134.54545454545453,-69.0909090909091,72.72727272727273,-72.72727272727273,7.2727272727272725,32.72727272727273,39.27272727272727,1.375,-22.37177231849063
2024-10-21 11:56:00+00:00,119,-93.53711790393014,293.1877729257642,-1142.882096069869,191.0043668122271,-180.0,-77.03056768558953,-209.86899563318778,-69.95633187772926,-808.82096069869,43.23144104803494,-1.2722222222222221,-300.2762849146079
2024-10-21 11:56:10+00:00,0,-0.0,-0.0,-0.0,-0.0,-0.0,-0.0,-0.0,-20.0,-0.0,-0.0,-0.1,0.8983679369427456
2024-10-21 11:56:20+00:00,216,-58.13664596273292,158.7991718426501,-157.45341614906832,25.56935817805383,-118.9648033126294,110.89026915113871,-61.36645962732919,-145.07246376811594,200.24844720496893,-309.25465838509314,-3.7153846153846155,-50.32681340883696
2024-10-21 11:56:30+00:00,17,3.6637931034482762,-40.94827586206897,252.1551724137931,-40.94827586206897,43.10344827586207,-43.10344827586207,4.310344827586207,19.181034482758623,23.27586206896552,-21.120689655172416,4.64,44.20654832106461
2024-10-21 11:56:50+00:00,101,33.77926421404682,2.341137123745819,47.49163879598662,-41.80602006688963,1.672240802675585,56.8561872909699,-52.17391304347826,36.78929765886287,82.27424749163879,-133.4448160535117,2.99,21.568716291484407
2024-10-21 11:57:00+00:00,0,0.0,40.10025062656642,0.0,-35.08771929824562,1.0025062656641603,34.08521303258146,-31.278195488721806,22.05513784461153,49.32330827067669,-80.0,4.9875,2.572331065810369
2024-10-21 11:57:10+00:00,102,13.062966915688367,-21.25933831376734,45.080042689434364,9.6051227321238,2.5613660618996796,35.859124866595515,-18.69797225186766,28.175026680896476,44.31163287086446,-44.05549626467449,7.808333333333334,10.51676756599586
2024-10-21 11:57:20+00:00,0,0.0,9.090909090909092,-186.60287081339715,100.47846889952154,-43.0622009569378,129.1866028708134,-122.48803827751198,57.41626794258374,139.23444976076556,-165.07177033492823,2.09,-41.24754174857863
2024-10-21 11:57:30+00:00,357,169.8444647758463,242.15919487648674,-186.49588289112535,-331.1253430924062,-26.166514181152788,-111.80237877401646,-99.90850869167429,-73.7419945105215,51.381518755718204,-117.98719121683439,2.101923076923077,79.52414298015724
2024-10-21 11:57:40+00:00,501,137.26027397260273,27.67123287671233,-50.136986301369866,101.0958904109589,-84.93150684931507,31.506849315068493,49.31506849315068,-12.602739726027398,57.534246575342465,82.46575342465754,3.65,48.96126324395127
2024-10-21 11:57:50+00:00,0,0.0,81.83520599250937,408.3146067415731,106.38576779026218,-325.187265917603,248.52059925093633,-166.2546816479401,-2.5842696629213484,230.8614232209738,27.134831460674157,2.3217391304347825,56.14231951221085
2024-10-21 11:58:00+00:00,0,0.0,0.0,0.0,0.0,-328.57142857142856,-12.0,179.42857142857142,-292.57142857142856,100.57142857142857,193.14285714285714,1.75,12.676634811914518
2024-10-21 11:58:10+00:00,0,-0.0,-0.0,-99.76470588235294,50.016806722689076,18.823529411764707,-26.89075630252101,-72.87394957983193,27.428571428571427,-83.09243697478992,-188.23529411764707,-3.71875,-41.48490849910011
2024-10-21 11:58:20+00:00,65,106.24999999999999,0.0,326.9230769230769,326.9230769230769,-286.05769230769226,-1539.8076923076922,841.826923076923,-809.1346153846154,212.49999999999997,1134.423076923077,0.611764705882353,180.08482167714442
2024-10-21 11:58:30+00:00,0,0.0,19.51219512195122,0.975609756097561,0.0,0.0,-19.51219512195122,0.0,0.0,0.0,0.0,10.25,0.8796396715105707
2024-10-21 11:58:50+00:00,0,0.0,0.0,0.0,17.6,-152.0,160.0,-160.0,16.0,72.0,86.4,0.625,0.11623536171389895
2024-10-21 11:59:00+00:00,550,-209.41883767535072,145.45090180360722,-177.43486973947896,-215.1302605210421,-113.84769539078157,25.89178356713427,-126.41282565130261,-240.64128256513027,10.280561122244489,-289.7595190380762,-2.626315789473684,-109.23779933057621
2024-10-21 11:59:10+00:00,0,0.0,292.3076923076923,109.48717948717949,-348.974358974359,15.64102564102564,-3.076923076923077,-20.512820512820515,133.84615384615384,-170.0,348.71794871794873,3.9,64.71585352750344
2024-10-21 11:59:30+00:00,0,0.0,153.53510895883778,6.997578692493947,-284.63680387409204,-9.261501210653753,44.66101694915255,-50.629539951573854,77.38498789346248,-12.966101694915256,63.38983050847458,4.858823529411764,31.897880188435266
2024-10-21 11:59:40+00:00,372,-45.11194029850747,11.884328358208956,-72.27611940298509,-2.3041044776119404,-46.6884328358209,4.729477611940299,-18.67537313432836,-36.98694029850747,-1.3339552238805972,-67.30410447761194,-8.246153846153845,-36.36000723558941
2024-10-21 11:59:50+00:00,0,0.0,0.547945205479452,94.79452054794521,9.315068493150685,-2.73972602739726,-52.054794520547944,54.794520547945204,-54.794520547945204,5.47945205479452,24.65753424657534,1.825,17.976704325383768
2024-10-21 12:00:00+00:00,0,0.0,126.4864864864865,-78.30115830115831,117.91505791505791,-152.43243243243245,122.77992277992279,124.63320463320464,-272.66409266409266,437.14285714285717,-388.4942084942085,4.316666666666666,-3.2832350502177574
2024-10-21 12:00:10+00:00,121,76.20713785864241,811.1966410076977,258.222533240028,386.074177746676,-694.0517844646606,332.5402379286214,-188.31350594821555,-247.51574527641708,830.0909727081876,-513.2960111966411,1.5877777777777777,71.58435163107417
2024-10-21 12:00:20+00:00,0,0.0,41.794019933554814,29.59468438538206,7.681063122923588,34.7906976744186,-18.073089700996675,84.94352159468438,-47.21594684385382,172.14617940199335,-156.33222591362124,4.426470588235294,14.781165518643265
2024-10-21 12:00:40+00:00,0,0.0,0.0,152.0,-37.714285714285715,57.142857142857146,-108.57142857142857,37.142857142857146,82.28571428571429,33.714285714285715,-56.0,1.75,25.31310152252025
2024-10-21 12:00:50+00:00,0,-0.0,69.03991370010787,10.18338727076591,6.386192017259979,-24.854368932038835,-50.05393743257821,17.0873786407767,-94.06688241639698,-0.6903991370010787,-2.243797195253506,-5.79375,5.810208982326452
2024-10-21 12:01:00+00:00,499,46.2037037037037,-12.962962962962962,70.37037037037037,-1.9444444444444444,2.5,-22.59259259259259,-12.407407407407407,-28.703703703703702,9.907407407407407,-64.62962962962962,10.8,27.214008853533745
2024-10-21 12:01:10+00:00,1,0.14388489208633093,43.16546762589928,399.28057553956836,-15.827338129496402,50.64748201438849,10.79136690647482,48.05755395683453,63.7410071942446,50.93525179856115,126.18705035971223,6.95,78.88088465145304
2024-10-21 12:01:20+00:00,0,-0.0,-0.0,-0.0,-15400.0,4440.0,400.0,4400.0,4000.0,2200.0,40.0,-0.025,1716.6374845786147
2024-10-21 12:01:40+00:00,-400,-151.4792899408284,75.36094674556213,-88.61538461538461,281.75147928994085,23.100591715976332,-73.46745562130178,252.2130177514793,-129.89349112426035,124.97041420118343,73.46745562130178,2.640625,-73.97175045149264
2024-10-21 12:01:50+00:00,100,17.699115044247787,-92.21238938053096,64.60176991150442,98.93805309734513,-0.5309734513274336,-61.769911504424776,72.03539823008849,-133.27433628318585,22.831858407079643,-79.82300884955751,5.65,6.605930500845862
2024-10-21 12:02:00+00:00,-499,492.83950617283955,-483.95061728395063,385.1851851851852,-380.24691358024694,12.839506172839506,161.97530864197532,-197.53086419753086,197.53086419753086,-19.75308641975309,-88.88888888888889,-1.0125,263.48931986869013
2024-10-21 12:02:10+00:00,-50,4.125412541254126,12.376237623762377,-2.557755775577558,-30.693069306930695,9.24092409240924,-21.782178217821784,-53.300330033003306,32.83828382838284,-98.92739273927393,48.67986798679868,-12.12,-2.055197292353138
2024-10-21 12:02:20+00:00,150,-61.76470588235295,154.41176470588238,-1.2352941176470589,-247.47058823529414,-6.176470588235294,64.23529411764706,-142.47058823529412,108.29411764705883,-41.1764705882353,21.0,-2.4285714285714284,-5.76597053846382
2024-10-21 12:02:40+00:00,0,0.0,0.0,0.0,0.0,0.0,1.615598885793872,6.128133704735376,0.5571030640668524,6.128133704735376,5.571030640668524,17.95,0.9895399717542416
2024-10-21 12:02:50+00:00,-500,63.829787234042556,1.2765957446808511,1.9148936170212767,3.7021276595744683,14.042553191489363,1.2765957446808511,14.042553191489363,12.76595744680851,7.021276595744681,0.12765957446808512,-7.833333333333333,28.234518557029368
2024-10-21 12:03:00+00:00,-600,-160.76555023923444,20.095693779904305,254.00956937799043,77.16746411483254,-80.38277511961722,70.73684210526315,107.71291866028707,-142.54545454545453,238.20095693779905,-129.41626794258374,3.732142857142857,-22.102488789509735
2024-10-21 12:03:10+00:00,0,0.0,0.0,20.0,0.0,0.0,0.0,0.0,0.0,0.0,0.0,20.0,3.0168254745321073
2024-10-21 12:03:30+00:00,0,0.0,0.0,38.59649122807018,-1.4035087719298247,-8.1203007518797,10.025062656641605,-10.025062656641605,1.0025062656641603,4.511278195488722,5.413533834586467,9.975,6.153412154017726
2024-10-21 12:03:40+00:00,-199,-25.61132561132561,64.35006435006436,1.287001287001287,96.01029601029602,-55.98455598455599,51.86615186615187,64.6074646074646,-100.12870012870013,174.13127413127415,-133.33333333333334,7.77,-9.313452660417184
2024-10-21 12:04:00+00:00,-250,-80.73196986006458,-40.36598493003229,121.09795479009688,193.756727664155,-51.34553283100107,63.293864370290635,126.91065662002153,-161.14101184068892,204.41334768568353,-321.95909580193756,3.0966666666666667,-35.66432827814541
2024-10-21 12:04:10+00:00,0,0.0,42.93216630196937,141.2035010940919,80.74398249452955,-22.64770240700219,-20.678336980306348,-1.9693654266958425,-39.38730853391685,-8.862144420131292,8.665207877461707,5.0777777777777775,15.856192965574488
2024-10-21 12:04:20+00:00,150,29.500756429652043,4.9167927382753405,-112.6928895612708,184.28139183055976,-24.583963691376702,14.160363086232982,73.94856278366112,-54.8714069591528,123.70650529500757,-64.90166414523449,5.084615384615384,-12.808922081154938
2024-10-21 12:04:30+00:00,0,0.0,0.0,21.333333333333332,221.86666666666667,-45.44,32.42666666666667,-8.32,-21.12,63.78666666666667,-120.53333333333333,4.6875,-21.536942163097546
2024-10-21 12:04:50+00:00,-3,-0.07962840079628401,-3.981420039814201,-0.6635700066357001,-10.617120106171201,-0.7962840079628402,-5.308560053085601,-1.1678832116788322,-4.087591240875913,-11.944260119442601,-1.3536828135368282,37.675,-0.5070480236537959
2024-10-21 12:05:00+00:00,0,0.0,0.0,1.4403292181069958,-221.81069958847735,56.748971193415635,-49.25925925925926,0.0,67.9835390946502,-132.5102880658436,-42.92181069958848,3.4714285714285715,4.826707839807987
2024-10-21 12:05:10+00:00,0,0.0,-68.96551724137932,-51.724137931034484,60.3448275862069,0.0,0.0,0.0,0.0,0.0,0.3448275862068966,2.9,-15.95898016128305
2024-10-21 12:05:20+00:00,0,0.0,51.42857142857143,8.571428571428571,-126.85714285714286,58.28571428571429,-53.48571428571429,37.714285714285715,84.34285714285714,-136.8,16.8,2.9166666666666665,3.3162363841326123
2024-10-21 12:05:30+00:00,236,-24.14322250639386,-2.0460358056265986,10.639386189258312,15.549872122762148,-68.33759590792839,-23.427109974424553,-8.286445012787723,-41.43222506393862,-0.10230179028132992,4.092071611253197,-9.775,-13.170246899246674
2024-10-21 12:05:40+00:00,1200,29.161603888213854,0.024301336573511544,0.4374240583232078,12.272174969623329,3.9611178614823817,10.255164034021872,-1.9441069258809236,5.103280680437424,-2.187120291616039,2.9161603888213854,41.15,11.475403574681698
2024-10-21 12:05:50+00:00,-1251,-7238.490566037735,-3708.930817610063,2407.0440251572327,12081.509433962265,3037.735849056604,-3055.0943396226417,20951.698113207545,6584.654088050314,-9680.251572327044,4796.729559748428,0.17282608695652174,-4511.877668933633
2024-10-21 12:06:00+00:00,0,-0.0,-0.0,24.406779661016948,-40.67796610169491,-25.76271186440678,6.779661016949152,128.81355932203388,-135.59322033898303,135.59322033898303,-13.559322033898304,-0.7375,23.367536267753493
2024-10-21 12:06:10+00:00,-1105,-159.5667870036101,32.92418772563177,-56.60649819494585,-21.80505415162455,100.50541516245488,34.368231046931406,-172.27436823104694,14.007220216606498,138.62815884476535,-250.54151624548737,6.925,-71.82246516897453
2024-10-21 12:06:20+00:00,-900,113.10592459605027,-156.21184919210054,-31.41831238779174,-73.51885098743267,-85.33213644524237,-59.56912028725314,-64.84739676840215,-21.364452423698385,-84.57809694793536,-3.2675044883303412,-7.957142857142857,28.897228210493676
2024-10-21 12:06:30+00:00,0,-0.0,9.25619834710744,66.11570247933885,-0.0,-6.6115702479338845,1.6528925619834711,31.40495867768595,-33.057851239669425,33.057851239669425,-3.3057851239669422,-3.025,14.274540312707218
2024-10-21 12:06:40+00:00,28,17.77777777777778,-116.82539682539682,69.84126984126985,156.1904761904762,-242.53968253968256,27.936507936507937,288.8888888888889,-314.2857142857143,-26.666666666666668,-33.01587301587302,1.575,-9.043031151769343
2024-10-21 12:06:50+00:00,-892,369.61325966850825,-59.254143646408835,-246.54696132596683,65.4696132596685,-4.972375690607734,-16.98895027624309,-157.04419889502762,66.29834254143645,309.53038674033144,103.1767955801105,-2.4133333333333336,144.36935307560918
2024-10-21 12:07:00+00:00,-872,1502.3220973782772,-1796.928838951311,1812.434456928839,-2558.4269662921347,-1752.1348314606741,232.58426966292134,-1240.4494382022472,-25.842696629213485,12.059925093632959,-363.52059925093636,-0.5804347826086956,898.8827007281642
2024-10-21 12:07:10+00:00,-200,-6.876790830945559,-7.839541547277937,-1.512893982808023,-5.29512893982808,-13.753581661891118,-0.034383954154727794,-1.7191977077363898,-20.630372492836678,-0.17191977077363899,-2.166189111747851,29.083333333333332,-3.3011661390567393
2024-10-21 12:07:30+00:00,256,23.052678973435388,97.9738856371004,21.521837010355696,13.687528140477262,40.34218820351193,-26.65466006303467,96.26294461954075,-38.72129671319225,-51.23818099954975,4.8626744709590275,11.105,16.304125209133844
2024-10-21 12:07:40+00:00,-1000,-68.42619745845552,81.97458455522973,-4.173998044965787,-61.03616813294233,74.03714565004888,-55.35679374389052,-9.716520039100685,47.898338220918866,-95.45454545454545,4.995112414467253,14.614285714285714,-26.28995195482853
2024-10-21 12:08:00+00:00,-6,-3.381982888777051,-3414.111726220433,3105.223955712129,780.6743834927025,815.6215400100654,-324.1066935078007,699.5067941620533,966.6834423754403,-1472.2898842476095,11.273276295923502,1.7741071428571429,134.016570600308
2024-10-21 12:08:10+00:00,200,81.08108108108108,11.756756756756756,-474.7297297297297,486.08108108108104,-204.32432432432432,200.67567567567568,-2.0270270270270268,-38.51351351351351,40.54054054054054,-40.54054054054054,2.466666666666667,-91.0876780448405
2024-10-21 12:08:20+00:00,56,-60.0,-0.0,-0.0,-0.0,-0.0,-0.0,-0.0,-0.0,-0.0,-0.0,-0.9333333333333333,-25.410044991777358
2024-10-21 12:08:30+00:00,-429,258.6934673366834,1187.9396984924622,-1446.0301507537688,607.8391959798995,-596.9849246231155,6.030150753768844,114.57286432160804,-120.60301507537687,120.60301507537687,-12.060301507537687,-1.6583333333333334,-140.1208369218906
2024-10-21 12:08:40+00:00,967,252.33923578751163,-870.7921714818266,356.19757688723206,-99.68313140726933,460.31686859273066,31.835973904939422,-234.0726933830382,628.3690587138863,-360.11183597390493,-294.3522833178005,3.8321428571428573,82.5089579720013
2024-10-21 12:08:50+00:00,384,-45.49337490257209,71.5572876071707,57.45908028059236,-315.61028838659394,301.5120810600156,-498.0576773187841,204.72018706157442,-327.81293842556505,40.87295401402962,-258.15120810600155,-8.44078947368421,39.6951338771812
2024-10-21 12:09:00+00:00,-200,1.8256503879507076,0.27384755819260614,10.953902327704245,0.009128251939753538,4.609767229575536,0.09128251939753537,0.13692377909630307,1.004107713372889,0.09128251939753537,1.004107713372889,-109.55,2.82294384231828
2024-10-21 12:09:10+00:00,200,26.666666666666668,-480.0,483.6,-254.93333333333334,197.86666666666667,-8.666666666666666,-118.0,26.0,-48.4,3.8666666666666667,7.5,95.37521408956779
2024-10-21 12:09:20+00:00,10,-1.328101418653788,-30.28071234530637,304.13522487171747,-421.2737699969816,21.913673407787506,-416.492604889828,132.1460911560519,53.2568668880169,-17.132508300633866,-771.2284938122548,-7.529545454545454,18.498837504655494
2024-10-21 12:09:30+00:00,0,0.0,28.408163265306122,-191.6734693877551,195.75510204081633,-82.28571428571429,80.81632653061224,-0.8163265306122449,-15.510204081632653,16.3265306122449,-16.3265306122449,6.125,-49.58310267188271
2024-10-21 12:09:40+00:00,3,-0.825147347740668,-58.03536345776031,-46.75834970530452,-7.426326129666012,-343.811394891945,-165.30451866404715,-167.77996070726917,-20.07858546168959,-4.400785854616896,-580.3536345776032,-3.6357142857142857,-79.39567775231401
2024-10-21 12:09:50+00:00,0,0.0,-10.762331838565022,-28.116591928251122,16.748878923766817,38.74439461883408,47.421524663677125,-2.7578475336322867,29.798206278026903,135.13452914798205,-126.6591928251121,14.866666666666667,-1.1765120624797165
2024-10-21 12:10:00+00:00,-10,4.739336492890995,-103.7914691943128,201.8957345971564,164.45497630331755,864.9289099526067,-309.478672985782,782.4644549763034,-150.71090047393366,-827.4881516587678,914.218009478673,-2.11,76.30137580666168
2024-10-21 12:10:10+00:00,0,-0.0,80.48729695960017,-178.25905872553105,246.56393169512705,-158.57975843398586,-150.45814244064974,-11.349437734277386,27.38442315701791,-199.29196168263226,-399.10453977509377,-9.604,-107.73807372374547
2024-10-21 12:10:20+00:00,0,0.0,0.0,23.943990665110853,-331.85530921820305,335.63593932322055,-148.14469078179698,54.60910151691949,-39.90665110851808,14.982497082847141,-26.744457409568263,7.141666666666667,58.37205361095279
2024-10-21 12:10:30+00:00,20,4.5528455284552845,-0.22764227642276422,-88.55284552845528,221.04065040650406,-266.5691056910569,272.9430894308943,-114.73170731707316,112.68292682926828,-20.487804878048777,19.349593495934958,4.392857142857143,-55.179406340368644
2024-10-21 12:10:40+00:00,0,-0.0,-0.0,16.288998357963877,52.4575807334428,-55.56650246305419,-26.097427476737824,21.67487684729064,7.6190476190476195,1.7077175697865354,-170.90311986863713,-22.8375,-19.45224659706702
2024-10-21 12:10:50+00:00,0,-0.0,22.846263683960018,-21.24702522608282,68.53879105188005,-71.33745835316516,-5.483103284150404,-34.26939552594003,1.5421227986673014,-4.911946692051404,-108.8053307948596,-17.508333333333333,-22.39626481303395
2024-10-21 12:11:00+00:00,-11,1.1083123425692694,-11.788413098236775,538.3375314861461,-485.9445843828715,193.55163727959697,-209.06801007556675,40.0,-32.84634760705289,-152.1410579345088,-39.496221662468514,-9.925,121.34786995273154
2024-10-21 12:11:10+00:00,0,0.0,0.0,-368.0459770114943,281.6091954022989,43.9080459770115,111.72413793103449,72.41379310344828,18.390804597701152,-24.13793103448276,24.13793103448276,4.35,-77.40195756132768
2024-10-21 12:11:20+00:00,0,0.0,115.948361469712,-279.5630585898709,285.75968222442896,-120.11916583912611,117.97418073485599,-21.44985104270109,20.25819265143992,-22.641509433962263,23.833167825223434,8.391666666666667,-71.93493716966225
2024-10-21 12:11:30+00:00,0,0.0,-151.33253301320528,-1562.18487394958,2058.175270108043,-778.8475390156062,642.5690276110445,-170.0840336134454,646.2665066026411,-150.27611044417768,-313.4933973589436,3.786363636363636,-544.1514294928413
2024-10-21 12:11:40+00:00,-1,-0.1267427122940431,97.71863117870723,-148.41571609632447,151.96451204055768,-63.87832699619772,62.737642585551335,-11.406844106463879,10.773130544993663,-12.040557667934094,12.67427122940431,7.89,-36.74315208590323
2024-10-21 12:11:50+00:00,0,0.0,192.991239048811,-439.7997496871089,450.1877346683354,-189.23654568210262,185.85732165206508,-33.79224030037547,31.914893617021274,-35.66958698372966,37.546933667083856,7.99,-112.79522826867701
2024-10-21 12:12:00+00:00,0,0.0,95.38461538461539,-300.5128205128205,307.43589743589746,-129.23076923076923,126.92307692307692,-23.076923076923077,21.794871794871796,-24.35897435897436,25.641025641025642,7.8,-78.59588338291266
2024-10-21 12:12:10+00:00,134,47.1356783919598,137.1859296482412,-744.6733668341708,693.6683417085427,-143.86934673366832,174.12060301507537,-78.09045226130652,37.98994974874372,636.3316582914573,-632.4623115577889,2.842857142857143,-146.6119650494172
2024-10-21 12:12:20+00:00,0,0.0,20.0,0.0,0.0,0.0,0.0,0.0,0.0,0.0,0.0,10.0,0.8467736697603598
2024-10-21 12:12:30+00:00,0,0.0,116.33898305084745,-238.37288135593218,243.864406779661,-102.50847457627118,100.6779661016949,-18.30508474576271,17.28813559322034,-19.322033898305083,20.338983050847457,9.833333333333334,-60.62160172795032
2024-10-21 12:12:40+00:00,0,0.0,115.69913211186113,-161.46576663452265,242.73866923818707,-134.8698167791707,61.15718418514947,-20.52073288331726,281.3500482160077,-282.56509161041464,41.986499517839924,7.4071428571428575,-86.60082012982919
2024-10-21 12:12:50+00:00,-1964,942.3522527794032,-271.57401989467525,2171.152720889409,-1749.8771211234641,553.2241076653014,-601.6851960210649,490.84844938560565,169.85371562317147,-641.5096547688707,-27.82913984786425,-2.0841463414634145,837.0741692430311
2024-10-21 12:13:00+00:00,392,-364.8936170212766,10107.18085106383,-11105.984042553191,3930.053191489362,-5157.845744680851,485.90425531914894,-866.6223404255319,-879.6542553191489,-1030.4521276595744,825.6648936170212,-1.0742857142857143,-2127.048428298076
2024-10-21 12:13:20+00:00,0,0.0,9.62566844919786,-137.64705882352942,192.19251336898395,-158.8235294117647,-13.475935828877006,-19.893048128342247,641.3903743315508,-641.0695187165776,67.70053475935829,3.1166666666666667,-133.24989879155348
2024-10-21 12:13:30+00:00,200,13.793103448275861,-173.58620689655172,137.86206896551724,-30.275862068965516,34.06896551724138,-56.689655172413794,0.20689655172413793,120.41379310344827,-124.06896551724138,-137.17241379310346,14.5,-3.213469351726776
2024-10-21 12:13:40+00:00,-2100,446.63881503987847,-297.1211545765287,173.33839726547666,-243.0991264717053,-303.71439422711734,165.25636156475503,83.58526395746297,-440.4709456893278,-784.8082035700721,840.7443980250665,-4.701785714285714,211.23074706833546
2024-10-21 12:13:50+00:00,807,472.99368800721373,-2136.3841298467087,2810.414788097385,-1206.2218214607756,1246.663660955816,-1523.3092876465284,2883.678990081154,1792.921550946799,-1406.0865644724977,-1202.1190261496845,1.7061538461538461,426.49363732016496
2024-10-21 12:14:00+00:00,173,-7.785778577857786,72.007200720072,1.3051305130513051,-4.275427542754276,-4.275427542754276,1.6651665166516652,0.6300630063006301,-85.05850585058506,0.36003600360036003,-4.635463546354636,-22.22,3.513674865378016
2024-10-21 12:14:10+00:00,-22,-0.5290581162324649,-19.238476953907814,57.71543086172344,-12.120240480961924,9.619238476953907,-4.448897795591182,2.9338677354709417,-1.9478957915831663,-43.04609218436873,-2.212424849699399,41.583333333333336,5.297915969782291
2024-10-21 12:14:20+00:00,0,0.0,-118.493353028065,242.57016248153622,19.64549483013294,0.0,-27.296898079763665,4.756277695716396,393.73707533234864,-392.49630723781394,22.954209748892172,4.835714285714285,-23.186911433384438
2024-10-21 12:14:30+00:00,0,-0.0,-317.69784172661866,-154.24460431654674,-500.71942446043164,-24.556354916067146,-194.14868105515586,-771.2230215827337,-39.13669064748201,-87.4820143884892,-42.9736211031175,-2.60625,-6.773728591488853
2024-10-21 12:14:40+00:00,0,0.0,57.07692307692308,-180.15384615384616,184.46153846153845,-77.53846153846153,76.15384615384616,-13.846153846153847,13.076923076923077,-14.615384615384615,15.384615384615385,6.5,-47.140837323557044
2024-10-21 12:14:50+00:00,0,0.0,-4.71749862863412,-26.68678003291278,32.117388919363684,-30.279758639605046,10.696653867251783,-4.196379594075699,2.303894679100384,-57.46023038946791,2.687877125617115,36.46,-14.572688116423578
2024-10-21 12:15:00+00:00,0,-0.0,-11.636363636363637,81.25158562367865,-121.70824524312897,26.993657505285412,-37.75052854122622,6.021141649048626,-141.0570824524313,6.291754756871036,-21.175475687103596,-14.78125,29.570207805647186
2024-10-21 12:15:10+00:00,0,0.0,-68.68686868686868,230.30303030303028,-200.0,-16.96969696969697,-25.05050505050505,807.6767676767677,-807.2727272727273,85.25252525252525,-85.25252525252525,2.475,87.0264613562084
2024-10-21 12:15:20+00:00,1125,180.36841207572917,-284.9019273409518,-370.3564727954972,682.5140712945591,-438.81630564557395,4.489169367218148,217.56438683267953,1287.750298482006,-1277.1686849735631,-473.6073682415146,6.237234042553191,-297.54505287331074
2024-10-21 12:15:30+00:00,-556,59.57142857142857,-44.035714285714285,697.6071428571428,-305.57142857142856,-102.85714285714285,-1.7142857142857142,-34.607142857142854,-630.75,31.392857142857142,134.67857142857142,-9.333333333333334,188.8796009639208
2024-10-21 12:15:40+00:00,-1050,298.06451612903226,40.309677419354834,78.63225806451612,-18.451612903225804,37.47096774193548,30.941935483870967,-547.0193548387097,-1.7032258064516128,507.2774193548387,25.548387096774192,-3.522727272727273,193.28504087937625
2024-10-21 12:15:50+00:00,-2400,-282.1040258595357,137.87834263884807,17.16132823978842,9.87364090508375,-10.696444313840729,-158.21334116955626,200.1763150161622,208.05171907140758,-211.22538936232735,-468.64531295915367,8.5075,-177.71360184864338
2024-10-21 12:16:00+00:00,400,16.41025641025641,1.1897435897435897,48.0,0.041025641025641026,20.71794871794872,0.41025641025641024,4.102564102564102,0.6153846153846154,4.512820512820513,0.41025641025641024,24.375,16.232607020223654
2024-10-21 12:16:10+00:00,-658,58.17492895484686,209.71266182507105,-214.75213135459427,125.19103252289233,-184.33849068519103,26.258288601199876,-30.148405431007266,-143.2270287338175,-35.54152194505842,16.5329965266814,-11.310714285714285,-19.255638603634083
2024-10-21 12:16:20+00:00,-400,-22.547914317925596,-41.826381059751974,-3.269447576099211,67.47463359639234,-89.62795941375424,-10.653889515219843,-10.541149943630215,225.31003382187149,-337.99323562570464,23.675310033821873,17.74,-64.67926480270872
2024-10-21 12:16:30+00:00,-1000,-244.8979591836735,286.53061224489795,7.102040816326531,-123.42857142857143,121.22448979591837,-22.040816326530614,20.816326530612248,-23.26530612244898,24.48979591836735,-24.48979591836735,4.083333333333333,-69.192820058037
2024-10-21 12:16:40+00:00,0,0.0,-4.742547425474255,-17.831978319783197,-20.819783197831978,23.428184281842817,-38.983739837398375,0.14227642276422764,82.8048780487805,-85.31842818428184,-94.32926829268293,21.085714285714285,-18.36365974782821
2024-10-21 12:16:50+00:00,-2489,179.97107736804048,-63.268257411424436,-103.97686189443239,139.69631236442515,-3.9768618944323935,-152.34996384671004,29.645697758496024,134.34562545191613,20.535068691250903,-549.530007230658,-13.83,-0.8306404273535674
2024-10-21 12:17:00+00:00,341,15.548589341692791,63.835850669706474,10.304930179538331,-24.303220290681107,45.55143915645483,-8.207466514676547,-18.922770019948704,-8.435451695639784,6.702764320319179,-4.14933029353092,21.93125,17.016941907210892
2024-10-21 12:17:10+00:00,-200,-23.064250411861615,92.25700164744646,29.291598023064253,276.7710049423394,-104.71169686985174,230.06589785831963,-76.68863261943987,26.293245469522244,-27.331136738056014,266.27677100494236,8.67142857142857,-16.163929369108956
2024-10-21 12:17:20+00:00,10,0.46171604463255095,23.73220469411312,-44.924971142747204,56.60638707195075,32.135436706425544,22.901115813774528,19.161215852250866,4.386302424009234,0.23085802231627547,5.309734513274336,21.658333333333335,-7.729852431943429
2024-10-21 12:17:30+00:00,550,-83.42813803564657,95.25976488433825,0.30337504740235116,317.937049677664,-162.45733788395904,-165.9461509290861,89.49563898369358,198.86234357224117,37.61850587789154,-876.2988244216913,-6.5925,-143.2962873229959
2024-10-21 12:17:40+00:00,0,0.0,-2033.230769230769,1854.4615384615383,273.53846153846155,-114.15384615384615,-77.53846153846153,6879.384615384615,-3155.3846153846152,-1109.2307692307693,-827.0769230769231,0.4642857142857143,146.69198580922532
2024-10-21 12:17:50+00:00,-2037,188.55976041383067,215.4968690443779,-22.216172066430712,293.16090389327525,-120.5227334603866,51.09719575279063,-21.38306561393956,38.69316634903349,-40.54451402123605,93.95589436427989,-10.802941176470588,52.727805404721614
2024-10-21 12:18:00+00:00,0,0.0,-170.26052104208418,43.827655310621246,162.3246492985972,-215.89178356713427,53.567134268537075,270.54108216432866,-267.8356713426854,-22.725450901803608,-33.547094188376754,5.544444444444444,-22.949637365586646
2024-10-21 12:18:10+00:00,0,-0.0,34.798568984289936,-57.11619225384974,111.05926271581893,-47.12085860942604,-101.01104370819722,100.21776326022709,13.908850521076372,7.827033753305335,-417.5828278114792,-18.908823529411766,-52.0601680493219
2024-10-21 12:18:20+00:00,0,0.0,-40.0,0.0,0.0,0.0,0.0,0.0,0.0,0.0,0.0,10.0,-1.6935473395207197
2024-10-21 12:18:30+00:00,-200,-11.291460832745237,8.468595624558928,0.11291460832745237,-5.6457304163726185,-22.582921665490474,-0.056457304163726185,-5.6457304163726185,-33.87438249823571,-5.9280169371912494,-3.5568101623147497,17.7125,-4.927236257489743
2024-10-21 12:18:40+00:00,-550,243.76731301939057,110.80332409972299,90.85872576177285,-128.53185595567868,221.1634349030471,-37.229916897506925,-172.85318559556785,223.82271468144043,67.36842105263158,71.8005540166205,-2.25625,150.73223131383511
2024-10-21 12:18:50+00:00,-2350,-1391.0313901345291,1183.8565022421524,-555.8206278026905,-91.74887892376681,832.8430493273543,1.7757847533632287,674.7982062780269,-689.5964125560538,68.66367713004485,-351.60538116591925,1.6893939393939394,-540.1303521928543
2024-10-21 12:19:00+00:00,0,0.0,33.140016570008285,5.88235294117647,27.091963545981773,8.782104391052195,9.030654515327257,49.71002485501243,-39.76801988400994,5.633802816901408,-4.308202154101077,12.07,2.702992383320783
2024-10-21 12:19:10+00:00,-2350,1834.57249070632,-2257.6951672862456,946.1710037174722,-286.50557620817847,-82.75092936802974,261.52416356877325,-288.0669144981413,7.806691449814127,590.9665427509294,307.5836431226766,-1.2809523809523808,922.1264421093803
2024-10-21 12:19:20+00:00,0,0.0,24.844720496894407,1.7391304347826086,31.36645962732919,0.6211180124223602,6.211180124223602,0.9316770186335402,6.832298136645962,0.6211180124223602,6.832298136645962,16.1,-1.0767907777978405
2024-10-21 12:19:30+00:00,0,-0.0,-0.0,-0.0,-0.0,-0.0,-0.0,-0.0,-40.0,-0.0,-0.0,-2.5,1.7967358738854913
2024-10-21 12:19:40+00:00,100,11.299435028248588,116.49717514124295,16.497175141242938,67.90960451977402,-33.10734463276836,23.502824858757062,101.69491525423729,-87.57062146892656,2.937853107344633,-12.881355932203391,8.85,7.306209819074475
2024-10-21 12:19:50+00:00,-1000,-326.53061224489795,382.0408163265306,9.46938775510204,-164.57142857142858,161.6326530612245,-29.387755102040817,27.755102040816325,-31.020408163265305,32.6530612244898,-32.6530612244898,3.0625,-92.25709341071598
2024-10-21 12:20:00+00:00,200,20.0,0.0,0.0,0.0,0.0,0.0,0.0,0.0,0.0,0.0,10.0,8.47001499725912
2024-10-21 12:20:10+00:00,-800,-264.4628099173554,320.6611570247934,0.6611570247933884,-143.4710743801653,262.8099173553719,-161.65289256198346,60.82644628099174,100.82644628099173,-97.52066115702479,-46.94214876033058,3.025,-83.96793829677395
2024-10-21 12:20:20+00:00,200,30.075187969924812,-26.01503759398496,10.977443609022556,45.11278195488722,-60.0,14.887218045112782,60.150375939849624,-59.3984962406015,-6.315789473684211,-9.32330827067669,6.65,6.379882000241114
2024-10-21 12:20:30+00:00,-1195,-65.21145975443383,85.67530695770806,23.410641200545705,-25.86630286493861,27.0668485675307,22.646657571623464,5.184174624829468,0.2728512960436562,6.275579809004093,0.5457025920873124,18.325,-15.42908444475981
2024-10-21 12:20:40+00:00,-750,-94.11764705882354,-59.35686274509804,18.32156862745098,75.29411764705883,-100.14117647058823,24.847058823529412,100.3921568627451,-99.13725490196079,-10.541176470588235,-15.56078431372549,7.96875,-51.143585197448886
2024-10-21 12:21:00+00:00,550,52.38955493512892,-98.49236327804238,224.60831006733454,364.44079487600595,-110.87534898998194,18.19346362292659,371.48957135818694,-223.3700114961406,-0.3810149449827558,-42.959435046805716,10.498275862068965,19.207926455113352
2024-10-21 12:21:10+00:00,100,-50.734312416555404,139.0120160213618,54.285714285714285,116.18157543391189,311.00133511348463,244.03204272363152,-198.37116154873164,315.5674232309746,65.44726301735648,-897.4899866488652,-1.9710526315789474,-68.9436940776449
2024-10-21 12:21:20+00:00,-100,-458.33333333333337,-797.5,-1494.1666666666667,6742.083333333334,-1705.0,-4170.833333333334,4056.25,-2681.25,128.33333333333334,-1223.75,0.21818181818181817,-1142.8227325298967
2024-10-21 12:21:30+00:00,0,0.0,-39.183673469387756,19.591836734693878,117.45306122448979,-46.53061224489796,48.587755102040816,40.6530612244898,9.306122448979592,0.4897959183673469,11.26530612244898,10.208333333333334,-11.673359318691514
2024-10-21 12:21:50+00:00,0,0.0,-123.55437665782493,236.2864721485411,-33.36870026525199,360.9681697612732,-160.07957559681697,516.3129973474801,-195.02652519893897,33.59416445623342,-70.57029177718833,4.435294117647059,67.13908745104779
2024-10-21 12:22:00+00:00,0,0.0,0.0,80.0,0.0,0.0,0.0,0.0,0.0,0.0,0.0,5.0,12.067301898128429
2024-10-21 12:22:10+00:00,-5,1.2371134020618555,154.88659793814432,303.83505154639175,24.98969072164948,223.91752577319585,2.721649484536082,49.48453608247422,127.42268041237112,53.19587628865979,18.061855670103093,-4.041666666666667,68.32078387648808
2024-10-21 12:22:20+00:00,0,-0.0,-0.5824232969318772,24.960998439937597,0.02080083203328133,10.504420176807072,0.2080083203328133,2.080083203328133,0.3120124804992199,2.2880915236609463,0.2080083203328133,-48.075,4.750523753005725
2024-10-21 12:22:30+00:00,146,17.702769129936097,-103.06406685236769,16.247747009667375,407.0424381451745,-108.76290349008684,144.28969359331475,451.05685728330326,-322.529903326233,-22.916598394232345,-36.86056038014091,8.247297297297298,-27.138433222771802
2024-10-21 12:22:40+00:00,0,0.0,0.0,118.4,480.0,-638.4,158.4,640.0,-632.0,-67.2,-99.2,0.625,-55.67760184613451
2024-10-21 12:23:10+00:00,727,443.96946564885496,365.80152671755724,287.63358778625957,-1321.526717557252,941.0687022900763,-1253.1297709923665,2005.496183206107,-664.4274809160305,627.7862595419848,-211.9083969465649,1.6375,503.1358858999257
2024-10-21 12:23:20+00:00,-200,39.05614320585842,-115.21562245728234,-4.882017900732302,405.0122050447518,-150.9519934906428,158.3726606997559,-250.93572009764034,191.37510170870627,2.7339300244100895,64.2473555736371,-5.120833333333334,-38.890340924592486
2024-10-21 12:23:30+00:00,0,0.0,41.95804195804196,15.62937062937063,-57.16783216783217,162.37762237762237,-11.223776223776223,272.72727272727275,-174.12587412587413,1.7832167832167833,-34.40559440559441,9.533333333333333,27.113569988365892
2024-10-21 12:23:40+00:00,-789,-301.368700265252,-92.43501326259948,-135.97877984084883,95.49071618037136,529.7824933687003,-118.026525198939,675.3103448275863,-151.25729442970822,0.38196286472148544,-248.657824933687,2.6180555555555554,-131.92463764671035
2024-10-21 12:23:50+00:00,0,0.0,97.5609756097561,2.439024390243903,-571.7073170731708,584.8780487804878,-245.85365853658539,241.46341463414637,-43.90243902439025,41.463414634146346,-46.34146341463415,2.05,99.95561853364431
2024-10-21 12:24:00+00:00,-202,24.717436805667365,85.04266623732089,529.9565287393334,-196.51585895990985,48.088874577362745,-12.48108195137659,-215.72693608114636,-118.08082434390597,222.08984060537756,-18.232168732893253,-8.172368421052632,139.2092677455132
2024-10-21 12:24:10+00:00,0,0.0,18.842530282637956,55.302826379542395,-3.4387617765814267,-42.63122476446837,-0.5181695827725438,-9.421265141318978,-24.25975773889637,-10.1278600269179,-3.4387617765814267,21.228571428571428,6.091125839735288
2024-10-21 12:24:20+00:00,94,28.786808009422852,-682.002355712603,975.6890459363958,190.4829210836278,28.480565371024735,-81.1542991755006,422.3085983510012,-272.55594817432274,-127.39693757361601,-100.44758539458186,3.2653846153846153,108.97571418504158
2024-10-21 12:24:30+00:00,0,0.0,-40.0,264.6153846153846,923.0769230769231,-1227.6923076923076,304.6153846153846,1230.7692307692307,-1215.3846153846152,-129.23076923076923,-190.76923076923077,0.65,-103.19633462910474
2024-10-21 12:24:40+00:00,0,0.0,-80.0,400.0,1333.3333333333333,-1773.3333333333333,439.99999999999994,1777.7777777777776,-1755.5555555555554,-186.66666666666666,-275.55555555555554,0.675,-147.3206092310787
2024-10-21 12:24:50+00:00,57,21.806588735387884,-542.4867162592986,-61.211477151965994,1249.096705632306,-428.86291179596174,766.2911795961743,122.42295430393199,-251.34962805526035,-84.54835281615303,797.6620616365568,2.613888888888889,-96.85405260491443
2024-10-21 12:25:00+00:00,-329,104.44444444444444,-54.60317460317461,500.0,113.65079365079366,73.65079365079366,161.5873015873016,127.3015873015873,-121.90476190476191,192.06349206349208,175.23809523809524,-3.15,150.72166298023163
2024-10-21 12:25:10+00:00,101,8.438152703643537,8.438152703643537,58.73288466001392,-52.63402181480622,392.5829658853562,-75.19145973543745,142.36249709909492,69.34323508934787,-0.4177303318635414,-3.6760269203991642,11.969444444444445,43.353810211316464
2024-10-21 12:25:20+00:00,0,0.0,-0.15426997245179064,-0.0440771349862259,-4.40771349862259,-2.203856749311295,-8.81542699724518,-0.02203856749311295,-2.203856749311295,-11.019283746556473,-2.3140495867768593,45.375,-0.9501895185602636
2024-10-21 12:25:30+00:00,0,0.0,0.0,-77.20144752714113,-87.04463208685162,144.65621230398068,-87.14113389626056,57.322074788902285,29.915560916767188,-29.915560916767188,-13.220747889022919,10.3625,1.3457999130805895
2024-10-21 12:25:40+00:00,-17,1.5560640732265445,-45.858123569794046,36.796338672768876,-37.07093821510297,54.82837528604119,-118.99313501144164,-8.787185354691076,-100.68649885583524,-6.498855835240274,-13.272311212814644,-10.925,13.951554749839831
2024-10-21 12:25:50+00:00,0,0.0,0.0,0.0,40.0,0.0,0.0,0.0,0.0,0.0,0.0,10.0,-3.488568137071913
2024-10-21 12:26:00+00:00,0,0.0,0.6593406593406593,0.0,-659.3406593406594,790.5494505494506,-332.3076923076923,326.3736263736264,-59.34065934065934,56.043956043956044,-62.63736263736264,1.5166666666666666,119.1616949154811
2024-10-21 12:26:10+00:00,100,6.777363605557438,33.75127075567604,-21.009827177228058,13.419179939003726,-88.10572687224669,54.08336157234835,-41.003049813622496,-7.11623178583531,-42.83293798712301,-1.5587936292782107,14.755,-10.307236251287135
2024-10-21 12:26:20+00:00,0,0.0,0.0,-87.82122905027934,65.47486033519553,67.0391061452514,-89.16201117318437,22.122905027932962,89.38547486033521,-88.26815642458101,-9.385474860335195,4.475,-27.341843933078113
2024-10-21 12:26:30+00:00,0,-0.0,13.761467889908255,275.2293577981651,1100.9174311926604,-2200.9174311926604,833.0275229357798,-1373.394495412844,81.65137614678899,-213.76146788990823,119.26605504587155,-1.09,-232.51677317599615
2024-10-21 12:26:40+00:00,0,0.0,0.0,0.0,-757.8947368421053,1009.6842105263158,-424.42105263157896,416.8421052631579,-75.78947368421052,71.57894736842105,-80.0,2.375,144.81247292264857
2024-10-21 12:26:50+00:00,237,654.4029850746268,1399.9253731343283,-2407.7611940298507,-5003.283582089552,10348.955223880597,-7198.432835820895,6889.179104477612,-2683.880597014925,-1007.8358208955224,2548.582089552239,0.3621621621621622,1382.3895421981556
2024-10-21 12:27:00+00:00,0,0.0,0.0,0.0,-34.78260869565217,104.26086956521739,-43.82608695652174,43.04347826086956,-7.826086956521739,7.391304347826087,-8.26086956521739,11.5,11.161539989760545
2024-10-21 12:27:10+00:00,100,13.94700139470014,0.0,-27.89400278940028,53.417015341701536,0.0,0.0,0.0,0.0,0.0,0.0,7.17,-2.959723803554957
2024-10-21 12:27:20+00:00,193,-12.540610786224821,-1.1046133853151396,-6.49772579597141,-25.99090318388564,-0.0649772579597141,-6.49772579597141,-32.48862897985705,-6.82261208576998,-4.093567251461988,-3.898635477582846,-15.39,-4.531741632533951
2024-10-21 12:27:30+00:00,217,-96.60958904109589,125.9931506849315,-178.08219178082192,711.8835616438356,-1112.123287671233,226.16438356164383,-487.5,52.08904109589041,-102.3972602739726,84.14383561643835,-2.246153846153846,-213.5389172968054
2024-10-21 12:27:40+00:00,0,0.0,-97.04735376044567,47.55803156917363,-22.692664809656453,-217.5116063138347,389.39647168059423,-218.7186629526462,109.3593314763231,-22.45125348189415,6.276694521819869,4.142307692307693,-16.35483099886914
2024-10-21 12:27:50+00:00,0,0.0,-122.0865704772475,99.88901220865705,-177.2475027746948,166.03773584905662,22.530521642619313,21.198668146503884,-118.64594894561598,-7.547169811320755,-30.965593784683687,9.01,40.276475930697906
2024-10-21 12:28:00+00:00,-486,-130.8858965272856,184.74840538625088,23.968816442239547,-588.1785967399007,-189.05740609496812,619.4188518781007,-136.8107725017718,124.6917080085046,-37.70375620127569,3.5010630758327426,3.713157894736842,-13.053381799587772
2024-10-21 12:28:20+00:00,-100,-28.571428571428573,-57.714285714285715,-3.4285714285714284,-28.571428571428573,228.57142857142858,-115.71428571428571,255.71428571428572,-138.57142857142858,12.285714285714286,-28.0,3.5,9.751786446364687
2024-10-21 12:28:30+00:00,0,-0.0,20.61965811965812,-10.683760683760685,-64.1025641025641,-0.10683760683760685,-10.683760683760685,-53.41880341880342,-11.217948717948719,-6.730769230769231,-6.410256410256411,-9.36,4.094669360758156
2024-10-21 12:28:40+00:00,0,0.0,-20.34587995930824,-0.3560528992878942,-45.77822990844354,40.64089521871821,-25.686673448626653,20.091556459816886,-30.010172939979654,-1.017293997965412,-8.036622583926755,19.66,6.690446691154956
2024-10-21 12:28:50+00:00,0,0.0,66.66666666666667,-16.917922948073702,-132.3283082077052,200.83752093802346,-84.42211055276383,82.91457286432161,-15.075376884422111,14.23785594639866,-15.912897822445562,5.97,27.468522043641787
2024-10-21 12:29:00+00:00,-493,346.37002341920373,20.374707259953162,219.20374707259953,777.751756440281,-491.8032786885246,850.1170960187353,-972.3653395784544,407.4941451990632,287.3536299765808,177.75175644028104,-1.4233333333333333,100.47124784277219
2024-10-21 12:29:10+00:00,-860,-667.093162734906,212.5389844062375,152.8108756497401,-4945.797680927629,9308.27668932427,-2531.075569772091,4855.817672930827,-621.327469012395,-180.7357057177129,-610.46781287485,1.2891752577319588,841.7047067814389
2024-10-21 12:29:20+00:00,17,1.9883040935672514,70.17543859649122,-47.602339181286546,105.26315789473684,-140.11695906432746,23.040935672514617,81.87134502923976,-150.87719298245614,-22.105263157894736,-8.07017543859649,8.55,-18.76268419874652
2024-10-21 12:29:50+00:00,32,-2.383419689119171,-51.54145077720207,110.23316062176166,-19.216321243523314,-23.014896373056995,16.90738341968912,-118.79857512953367,22.195595854922278,-25.398316062176164,-60.9261658031088,-13.42608695652174,5.291441874979354
2024-10-21 12:30:00+00:00,-207,-11.559633027522935,-12.508974870362982,-90.29916234543278,61.372157957718386,-50.482648583964895,27.586757080175506,-10.610291184682888,-23.17510969285999,-11.168727562824092,2.066214599122457,17.90714285714286,-27.936599018989106
2024-10-21 12:30:10+00:00,-200,-24.48979591836735,0.0,-195.9183673469388,293.6326530612245,-123.42857142857143,121.22448979591837,-22.040816326530614,20.816326530612248,-23.26530612244898,24.48979591836735,8.166666666666666,-75.55372814960828
2024-10-21 12:30:20+00:00,-1506,244.3686290825879,171.18785105055127,219.05554399833574,-187.2519242770959,192.93114208446016,-11.35843561472852,19.796130642812564,-76.75057208237986,109.2032452673185,6.652798002912419,-6.162820512820513,188.83952303653749
2024-10-21 12:30:40+00:00,791,351.55555555555554,-256.44444444444446,-5.333333333333333,656.8888888888889,-84.0,-95.55555555555556,179.55555555555554,46.666666666666664,-238.66666666666666,-15.555555555555555,2.25,47.69134294651106
2024-10-21 12:30:50+00:00,-288,-107.26256983240224,-97.95158286778398,23.463687150837988,515.0837988826815,-215.64245810055866,94.22718808193669,78.2122905027933,-35.381750465549345,-51.39664804469274,-7.4487895716946,2.685,-110.41799584995312
2024-10-21 12:31:00+00:00,-207,-22.16867469879518,-104.20348058902276,60.61579651941098,64.2570281124498,-85.46184738955823,21.204819277108435,85.6760374832664,-84.60508701472557,-8.995983935742972,-0.642570281124498,9.3375,-13.548784931187738
2024-10-21 12:31:10+00:00,-1746,-126.5872604867944,21.242879337131022,97.87674779906784,36.54065251165199,-28.63801139306059,109.2594510616261,8.33764888658726,-93.96167788710513,-1.8125323666494044,-12.760227861211808,13.792857142857143,-39.66244340330154
2024-10-21 12:31:20+00:00,-912,-472.38095238095235,-67.85296574770258,-554.21888053467,1258.1286549707602,-341.33667502088554,-202.52297410192148,4.143692564745196,204.59482038429405,-695.6223893065999,-127.93650793650794,1.9306451612903226,-507.2498996017534
2024-10-21 12:31:30+00:00,0,-0.0,-46.875,-2.34375,-19.453125,-70.3125,93.515625,-23.203125,-93.75,92.578125,9.84375,-4.266666666666667,8.152265360501119
2024-10-21 12:31:40+00:00,15,10.047846889952153,-405.933014354067,-447.46411483253587,505.0717703349282,598.1818181818181,-543.9234449760766,-131.96172248803828,937.1291866028708,-592.8229665071771,-342.29665071770336,1.4928571428571429,-206.01649538717623
2024-10-21 12:31:50+00:00,-985,158.74294923448832,-193.23126510878325,30.942788074133762,-45.12489927477841,-113.61804995970991,3.06204673650282,3.2232070910556003,-79.7743755036261,0.8058017727639001,20.467365028203062,-6.205,64.32238209778653
2024-10-21 12:32:00+00:00,7,0.29227557411273486,-8.350730688935283,-0.29227557411273486,-0.7098121085594989,-4.175365344467641,-16.701461377870565,-0.04175365344467641,-4.175365344467641,-20.876826722338205,-4.3841336116910234,23.95,-2.7154954348457525
2024-10-21 12:32:10+00:00,-160,-11.184900384480951,57.602236980076896,49.003844809507164,83.88675288360713,35.372247465921006,7.6896190143306535,7.479902132121636,69.97553303040895,-47.53582663404404,-5.17301642782244,14.305,-7.522233032123689
2024-10-21 12:32:20+00:00,-1387,504.3636363636364,576.7272727272727,-469.45454545454544,-208.72727272727272,-105.45454545454545,110.9090909090909,144.36363636363637,-510.54545454545456,-75.63636363636364,148.36363636363637,-2.75,205.22574044966498
2024-10-21 12:32:30+00:00,-1172,-218.24953445065177,187.33705772811916,-111.54562383612662,-19.553072625698324,92.17877094972067,-16.75977653631285,15.828677839851023,-18.994413407821227,-74.487895716946,-38.17504655493482,5.37,-101.77678587575409
2024-10-21 12:32:40+00:00,-893,273.03956834532374,-38.219424460431654,-60.23381294964029,-0.3057553956834532,-366.294964028777,-0.3057553956834532,-58.705035971223026,-273.65107913669067,-32.10431654676259,-16.205035971223023,-3.2705882352941176,85.34635755122666
2024-10-21 12:32:50+00:00,-400,-64.0,0.0,-48.8,79.2,-14.4,13.6,-15.2,16.0,-16.0,1.6,6.25,-44.51990415034313
2024-10-21 12:33:00+00:00,0,0.0,0.0,20.0,0.0,0.0,0.0,0.0,0.0,0.0,0.0,10.0,3.0168254745321073
2024-10-21 12:33:10+00:00,-1185,-100.16254876462938,-33.133940182054616,49.869960988296484,-52.49024707412224,-26.202860858257477,0.3381014304291287,-8.959687906371911,31.7815344603381,-75.81924577373212,-54.68790637191157,11.830769230769231,-46.396023378432616
2024-10-21 12:33:20+00:00,0,-0.0,-34.72222222222222,-12.55787037037037,-5.787037037037036,-23.148148148148145,-0.057870370370370364,-5.787037037037036,-0.40509259259259256,-57.46527777777777,16.782407407407405,-17.28,-8.740039440223798
2024-10-21 12:33:30+00:00,0,0.0,-31.93223928004235,0.0,145.34674430915828,2.752779248279513,-86.57490735839069,-12.66278454208576,69.78295394388566,-14.039174166225516,-57.395447326627846,7.265384615384615,-23.039521360573893
2024-10-21 12:33:40+00:00,5,0.10188487009679062,28.67040244523688,0.020376974019358125,4.075394803871625,10.290371879775853,0.20376974019358124,2.0376974019358123,0.3056546102903719,2.2414671421293937,0.20376974019358124,49.075,1.8958865063726589
2024-10-21 12:33:50+00:00,12,3.8866396761133606,-516.5991902834008,458.62348178137654,27.530364372469638,-1.6194331983805668,31.093117408906885,2.91497975708502,157.085020242915,-158.70445344129556,18.785425101214575,3.0875,25.996625588905815
2024-10-21 12:34:00+00:00,-1207,128.6323268206039,106.6785079928952,-31.225577264653644,54.77797513321492,-42.09591474245116,11.190053285968029,1.5985790408525755,13.321492007104796,1.0657193605683837,21.314387211367674,-9.383333333333333,47.50231671617924
2024-10-21 12:34:10+00:00,-1689,261.74773999139046,-217.7356866121395,78.8807576409815,-184.10675850193715,15.34222987516143,-103.83125269048645,-63.538527765820064,-8.213517003874301,9.298321136461473,28.514851485148515,-6.4527777777777775,133.53584316222648
2024-10-21 12:34:20+00:00,-400,-40.10025062656642,-19.047619047619047,28.37092731829574,80.70175438596492,-38.99749373433584,19.949874686716793,41.60401002506266,-29.573934837092732,-3.2080200501253135,10.726817042606516,9.975,-21.48537533245894
2024-10-21 12:34:30+00:00,-193,-123.85026737967914,12.834224598930481,-89.19786096256685,702.6737967914438,-569.8395721925134,181.6042780748663,458.8235294117647,-449.19786096256684,-118.07486631016043,2.5668449197860963,1.5583333333333333,-158.67014829560011
2024-10-21 12:34:40+00:00,-772,-137.27097023579435,-376.25048318515655,103.30885195206803,373.4054889833784,-496.6293003478933,123.22381136451489,497.8739853111712,-491.6505604947816,-52.27676845767298,-3.7340548898337844,5.623913043478261,-110.1527636044632
2024-10-21 12:34:50+00:00,-809,512.0253164556962,-520.8860759493671,73.41772151898734,3.1645569620253164,-60.75949367088607,-5.69620253164557,-306.9620253164557,303.79746835443035,-30.379746835443036,65.18987341772151,-1.58,188.90679555726388
2024-10-21 12:35:00+00:00,-779,-264.70873786407765,149.51456310679612,56.74757281553398,100.24271844660194,-102.96116504854368,36.69902912621359,300.7281553398058,-297.33009708737865,2.0388349514563107,-36.019417475728154,2.942857142857143,-102.21672618746196
2024-10-21 12:35:10+00:00,393,67.95389048991355,-135.38904899135446,14.351585014409222,51.87319884726225,-68.9913544668588,17.118155619596543,69.164265129683,-68.29971181556196,-7.262247838616715,-0.5187319884726225,5.783333333333333,18.03294955503571
2024-10-21 12:35:20+00:00,873,780.3351955307263,751.731843575419,522.0111731843576,531.8435754189944,86.70391061452514,97.43016759776538,880.4469273743017,-335.195530726257,99.21787709497208,-38.435754189944134,1.11875,424.5520853848078
2024-10-21 12:35:30+00:00,30,-103.44827586206897,8172.413793103449,2210.344827586207,410.3448275862069,-1748.2758620689656,-1700.0000000000002,-1365.5172413793105,1472.4137931034484,317.2413793103448,224.13793103448276,-0.29,438.58170811296924
2024-10-21 12:35:40+00:00,20,8.88888888888889,-500.8888888888889,358.6666666666667,177.33333333333334,-224.0,220.0,-40.0,37.77777777777778,-37.77777777777778,40.0,2.25,3.091003624277132
2024-10-21 12:35:50+00:00,0,0.0,0.0,-0.316622691292876,-129.81530343007915,313.45646437994725,-56.99208443271768,53.82585751978892,-53.82585751978892,56.99208443271768,-63.3245382585752,3.158333333333333,37.68395962330396
2024-10-21 12:36:00+00:00,-425,-538.4615384615385,-833.6651583710408,1492.4886877828055,-1905.5203619909503,1486.1538461538462,1792.7601809954751,-1419.0045248868778,-394.02714932126696,96.289592760181,-502.9864253393665,0.7892857142857143,235.00885740531226
2024-10-21 12:36:10+00:00,-383,-78.50658857979502,-247.40849194729134,472.6793557833089,-184.68521229868227,245.76866764275255,168.08199121522694,-21.52269399707174,-10.043923865300146,50.629575402635425,-30.336749633967788,4.878571428571429,65.88199026340122
2024-10-21 12:36:20+00:00,-4,-0.045714285714285714,-4.765714285714286,-1.1428571428571428,-4.571428571428571,-0.011428571428571429,-1.1428571428571428,-5.714285714285714,-1.2,-0.72,-0.6857142857142857,87.5,-0.07585526166635453
2024-10-21 12:36:50+00:00,0,0.0,-208.34482758620692,290.89655172413796,-104.27586206896552,102.41379310344828,-18.620689655172416,17.586206896551726,-17.586206896551726,18.620689655172416,-20.689655172413794,4.833333333333333,52.78127523181719
2024-10-21 12:37:00+00:00,100,3.816793893129771,-19.16030534351145,59.274809160305345,76.52671755725191,-53.66412213740458,60.80152671755725,4.961832061068702,-23.85496183206107,-11.526717557251908,8.16793893129771,26.2,-0.06454531399534011
2024-10-21 12:37:10+00:00,-279,-39.399823477493385,-30.785525154457194,-357.1403353927626,235.41041482789055,-159.85878199470432,-62.13592233009709,-26.40776699029126,-5.083848190644307,-166.77846425419241,-93.48631950573699,7.08125,-127.28592057250874
2024-10-21 12:37:20+00:00,0,0.0,0.0,-140.34782608695653,279.30434782608694,-154.2608695652174,100.52173913043478,36.52173913043478,-54.608695652173914,2.4347826086956523,85.21739130434783,5.75,-47.490846173396534
2024-10-21 12:37:30+00:00,0,0.0,0.0,-10.40920716112532,71.94373401534527,-12.864450127877237,25.57544757033248,-2.0460358056265986,4.731457800511508,-1.7902813299232736,4.859335038363171,39.1,-8.708010159931838
2024-10-21 12:37:40+00:00,0,0.0,0.0,-52.402877697841724,138.6474820143885,-78.0431654676259,42.73381294964029,-7.76978417266187,7.338129496402877,-7.338129496402877,7.76978417266187,11.583333333333334,-26.1111044883324
2024-10-21 12:37:50+00:00,-23,-2.13953488372093,-0.09302325581395349,-30.6046511627907,100.27906976744185,-47.25581395348837,-25.209302325581394,5.488372093023256,54.41860465116279,-119.34883720930233,26.697674418604652,10.75,-29.61305939106054
2024-10-21 12:38:00+00:00,0,0.0,0.0,23.85685884691849,4.771371769383698,71.98807157057655,-46.640159045725646,35.06958250497018,18.48906560636183,-17.833001988071572,6.79920477137177,16.766666666666666,6.43333190105174
2024-10-21 12:38:10+00:00,-1,0.05802357207615594,97.88576609247507,86.33907524932003,123.06799637352674,-10.792384406165004,70.03445149592022,-21.062556663644607,-4.641885766092475,30.404351767905712,6.730734360834089,-17.234375,9.529131007603484
2024-10-21 12:38:20+00:00,-4,-0.24676125848241826,-26.156693399136334,12.214682294879703,-0.061690314620604564,23.25724861196792,0.3701418877236274,-17.45835903763109,4.996915484268969,18.507094386181368,-48.673658235657,16.21,0.209903730179357
2024-10-21 12:38:30+00:00,-1380,-3506.1889250814334,-172.76872964169382,-3264.8208469055376,4603.778501628664,-2266.3192182410426,-586.9055374592834,-2393.355048859935,922.2801302931597,439.5439739413681,571.6612377850163,0.3935897435897436,-2520.2615444972184
2024-10-21 12:38:40+00:00,-2106,-635.2941176470588,523.3785822021116,-136.3499245852187,320.9653092006033,98.34087481146305,117.64705882352942,-295.0226244343892,252.48868778280544,-5.429864253393665,-474.8114630467572,3.315,-335.59317399221686
2024-10-21 12:38:50+00:00,0,0.0,26.622296173044923,26.75540765391015,0.0,0.0,0.0,-26.622296173044923,0.0,0.0,0.0,7.5125,5.1206392542941455
2024-10-21 12:39:00+00:00,-12,-3.4367541766109784,-6.014319809069212,-9.45107398568019,140.62052505966588,-62.43436754176611,23.198090692124104,83.34128878281624,-83.91408114558473,-4.868735083532219,88.78281622911695,3.4916666666666667,-9.851310894393341
2024-10-21 12:39:10+00:00,-1101,152.13818181818183,289.6290909090909,-148.96,-59.55636363636364,112.61818181818182,-83.18545454545455,-41.730909090909094,-11.054545454545455,-41.869090909090914,15.752727272727274,-7.2368421052631575,65.16652234180047
2024-10-21 12:39:20+00:00,0,0.0,0.0,-21.0,99.0,-18.0,-23.0,-17.0,18.0,-20.0,2.0,5.0,-15.835120713323537
2024-10-21 12:39:30+00:00,0,0.0,19.90049751243781,0.09950248756218905,0.0,0.0,0.0,0.0,0.0,0.0,0.0,10.05,0.8575699473960401
2024-10-21 12:39:40+00:00,-2,-0.19943019943019943,-2.094017094017094,-33.7037037037037,98.31908831908832,-30.71225071225071,16.552706552706553,-56.837606837606835,16.253561253561255,-20.142450142450144,-7.977207977207978,10.028571428571428,-19.38208173060386
2024-10-21 12:39:50+00:00,0,0.0,19.90049751243781,0.09950248756218905,0.0,0.0,0.0,0.0,0.0,0.0,0.0,10.05,0.8575699473960401
2024-10-21 12:40:10+00:00,200,-23.640661938534276,0.8274231678486996,59.69267139479905,1.1820330969267139,11.820330969267138,1.7730496453900708,57.092198581560275,-8.628841607565011,-34.2789598108747,11.702127659574467,-8.46,-2.0460301390557816
2024-10-21 12:40:20+00:00,198,13.807531380753138,84.03068340306834,-1.7433751743375174,26.290097629009765,0.41841004184100417,11.99442119944212,29.846582984658298,-12.761506276150628,34.37935843793584,28.661087866108787,14.34,12.957336832021252
2024-10-21 12:40:30+00:00,-3381,457.3333333333333,-20.42512077294686,160.01932367149757,-404.17391304347825,-43.01449275362319,25.429951690821255,-119.16908212560386,-146.22222222222223,123.3623188405797,-82.91787439613526,-7.392857142857143,260.8367291097733
2024-10-21 12:40:40+00:00,2,0.0684931506849315,-0.684931506849315,-4.383561643835616,-0.136986301369863,-13.698630136986301,-0.5821917808219178,-3.4246575342465753,-13.698630136986301,-0.03424657534246575,-3.4246575342465753,29.2,-1.334249184754647
2024-10-21 12:40:50+00:00,5,0.37960954446854667,29.989154013015185,91.63774403470717,-7.89587852494577,54.815618221258134,0.9869848156182213,44.41431670281996,-34.46854663774403,29.53362255965293,24.295010845986987,13.17142857142857,26.30267830690449
2024-10-21 12:41:00+00:00,0,-0.0,-100.0,-0.0,305.0,-242.5,95.0,-35.0,92.5,-40.0,105.0,-2.0,-48.68858325527365
2024-10-21 12:41:10+00:00,220,-167.3913043478261,969.3478260869565,-1072.8260869565217,383.47826086956525,-389.5652173913044,66.95652173913044,-139.23913043478262,-163.58695652173913,235.1086956521739,0.7608695652173914,-1.3142857142857143,-224.7836363785199
2024-10-21 12:41:30+00:00,0,0.0,-10.5170902716915,10.5170902716915,-20.98159509202454,26.555652936021037,0.5258545135845749,5.25854513584575,0.7887817703768625,5.25854513584575,0.5258545135845749,19.016666666666666,5.479495697007219
2024-10-21 12:41:40+00:00,-2791,184206.0,18612.0,65208.0,-36564.0,32406.0,1980.0,1584.0,-19338.0,40524.0,33066.0,-0.015151515151515152,101452.23077316674
2024-10-21 12:41:50+00:00,123,57.8256611165524,23.506366307541626,-739.0401567091087,882.4289911851126,15.04407443682664,129.7551420176298,614.926542605289,329.5592556317336,-142.9187071498531,293.3594515181195,2.127083333333333,-166.37433047138802
2024-10-21 12:42:00+00:00,-1207,32.0726306465899,0.026572187776793623,13.41895482728078,15.943312666076174,0.2657218777679362,2.657218777679362,0.39858281665190437,2.657218777679362,0.2657218777679362,2.9229406554472988,-37.63333333333333,14.376910391342069
2024-10-21 12:42:10+00:00,0,0.0,0.0,179.7752808988764,21.573033707865168,-16.85393258426966,56.40449438202247,115.73033707865169,-159.1011235955056,22.02247191011236,182.02247191011236,4.45,47.3625811041395
2024-10-21 12:42:20+00:00,180,15.226586102719034,66.1510574018127,-2.706948640483384,32.73716012084592,69.45015105740181,7.444108761329305,33.8368580060423,-32.06042296072508,15.987915407854985,27.06948640483384,11.821428571428571,16.287042774070137
2024-10-21 12:42:30+00:00,-75,41.666666666666664,488.3333333333333,-783.3333333333333,-53.33333333333333,-47.77777777777778,96.66666666666666,-85.0,-63.888888888888886,177.22222222222223,61.666666666666664,-1.8,-54.24331060453632
2024-10-21 12:42:40+00:00,-120,42.43614931237721,840.2357563850687,-420.4715127701375,-7.426326129666012,-881.9646365422396,-328.8801571709234,-587.7406679764243,118.46758349705304,-491.90569744597246,6.365422396856581,-2.827777777777778,-129.27593295175217
2024-10-21 12:42:50+00:00,0,-0.0,26.666666666666668,-26.666666666666668,67.33333333333333,1.3333333333333333,13.333333333333334,2.0,13.333333333333334,1.3333333333333333,14.666666666666666,-7.5,-7.966225954845797
2024-10-21 12:43:10+00:00,-128,-9.213866262549725,-57.658647471111955,-40.886531540064404,-25.338132222011744,78.74976321272969,1.4396666035233947,-72.99109679863611,1.9435499147565827,28.073498768706195,-106.89524531161204,13.892105263157895,-9.984653477481947
2024-10-21 12:43:20+00:00,-200,-23.569023569023567,-62.22222222222222,-23.686868686868685,-95.57239057239057,55.15151515151515,-22.626262626262626,-3.5353535353535355,-68.93939393939394,9.30976430976431,-36.53198653198653,8.485714285714286,-2.5980411367549867
2024-10-21 12:43:30+00:00,50,2.7302060064532143,10.920824025812857,33.19930503847109,44.61156614544552,37.73144700918342,33.472325639116406,22.387689252916356,-15.507570116654257,11.685281707619758,27.848101265822788,18.313636363636363,9.667004627538601
2024-10-21 12:43:40+00:00,75,-24.007113218731476,434.6887966804979,-721.8138707765263,388.9152341434499,-218.62477771191462,-541.600474214582,-228.54771784232364,-177.6526378186129,-10.883224659158268,-374.51096621221103,-3.1240740740740742,-175.24604978111205
2024-10-21 12:43:50+00:00,10,0.1356391997287216,1.356391997287216,2.712783994574432,16.3716514072567,5.439131909121737,5.439131909121737,6.849779586300441,0.1356391997287216,1.356391997287216,0.2034587995930824,73.725,-0.32052783409193963
2024-10-21 12:44:00+00:00,0,-0.0,15.3393085787452,25.35211267605634,10.217669654289374,10.396927016645327,2.9449423815621,2.791293213828425,0.38412291933418696,-9.859154929577466,0.12804097311139565,-39.05,3.44714835094268
2024-10-21 12:44:10+00:00,-390,-746.8085106382978,-2880.0,-982.3404255319149,-538.0851063829787,-647.2340425531914,-1480.2127659574467,273.82978723404256,1694.6808510638298,-3232.3404255319147,258.51063829787233,0.5222222222222223,-955.8990930282506
2024-10-21 12:44:20+00:00,-1141,94.97027348394768,-38.70392390011891,108.37098692033294,-19.892984542211654,-55.85017835909631,-82.81807372175982,66.33769322235435,-25.21997621878716,-107.37217598097503,64.5065398335315,-12.014285714285714,48.05081243269317
2024-10-21 12:44:30+00:00,-1079,624.903474903475,-759.8455598455599,545.5598455598456,-229.92277992277994,-239.76833976833979,-268.1467181467182,106.56370656370657,118.72586872586874,-225.2895752895753,43.43629343629344,-1.7266666666666666,292.38569153682573
2024-10-21 12:44:40+00:00,-1007,-5221.481481481481,5221.481481481481,-2530.3703703703704,974.8148148148148,3577.777777777778,-2535.5555555555557,954.074074074074,1633.3333333333333,-1581.4814814814815,-736.2962962962963,0.19285714285714287,-2476.195932679863
2024-10-21 12:44:50+00:00,0,0.0,-46.17164898746383,-10.298939247830278,113.17261330761812,24.30086788813886,-36.33558341369334,1.6200578592092574,56.702025072324005,-57.28061716489874,-3.7029893924783024,8.641666666666667,-19.9429428860812
2024-10-21 12:45:00+00:00,110,3.4536891679748822,3.139717425431711,37.89638932496075,0.03139717425431711,15.85557299843014,12.558869701726843,0.3139717425431711,3.139717425431711,0.47095761381475665,3.139717425431711,31.85,8.702925122648349
2024-10-21 12:45:10+00:00,18,5.766590389016018,-1101.0983981693364,549.1075514874142,924.8970251716247,280.6407322654462,422.56292906178487,757.3455377574371,-147.3684210526316,-72.40274599542334,-65.03432494279176,3.1214285714285714,-22.765952680220757
2024-10-21 12:45:20+00:00,-10,0.6548788474132285,79.04387688277669,13.163064833005894,33.00589390962672,-32.416502946954814,5.893909626719057,-5.566470203012443,5.566470203012443,-5.893909626719057,6.5487884741322855,-15.27,-0.00031603660085735975
2024-10-21 12:45:40+00:00,1,0.28776978417266186,-52.66187050359712,23.884892086330936,86.33093525179856,-114.82014388489209,28.489208633093526,115.10791366906474,-113.66906474820144,-12.086330935251798,-0.8633093525179856,3.475,-10.45137427151409
2024-10-21 12:45:50+00:00,-200,43.85964912280702,-3.7280701754385968,-197.14912280701756,22.80701754385965,-108.77192982456141,-2.192982456140351,-128.28947368421055,-4.385964912280702,-33.55263157894737,8.771929824561404,-4.56,-24.011317347088486
2024-10-21 12:46:10+00:00,0,0.0,0.0,8.076138681169272,-4.078857919782461,-16.315431679129844,-0.04078857919782461,-4.078857919782461,-20.394289598912305,-4.2828008157715844,-2.5696804894629506,24.516666666666666,0.6586835569395918
2024-10-21 12:46:20+00:00,380,306.4516129032258,-309.6774193548387,148.38709677419354,-166.1290322580645,641.1290322580645,-394.35483870967744,148.38709677419354,254.03225806451613,-245.96774193548387,-114.51612903225806,1.24,156.91817998203797
2024-10-21 12:46:30+00:00,-200,-8.355091383812011,-0.04177545691906005,15.95822454308094,-12.825065274151436,16.50130548302872,-20.469973890339425,3.5091383812010446,-7.72845953002611,-17.12793733681462,-8.56396866840731,23.9375,-0.7770333810609843
2024-10-21 12:46:40+00:00,-2,-0.19886363636363638,0.0,-57.96875,-12.03125,57.27272727272727,20.681818181818183,-41.16477272727273,-38.38068181818182,48.62215909090909,-59.16193181818182,10.057142857142857,-1.5915247334522031
2024-10-21 12:46:50+00:00,0,0.0,0.0,-65.13966480446928,43.01675977653632,10.949720670391063,33.5195530726257,-44.581005586592184,11.061452513966481,44.692737430167604,-44.134078212290504,8.95,-12.277507291764229
2024-10-21 12:47:00+00:00,0,0.0,0.0,0.0,0.0,0.0,0.0,0.0,0.0,20.0,0.0,0.45,1.8836806770085723
2024-10-21 12:47:10+00:00,-1323,111.25896611427159,33.63838733613653,43.982191441998516,16.23052188968588,7.064061340588672,-72.91120455107594,-14.800890427900075,25.98565421716547,-49.53252535246104,-42.80484788523374,-11.891176470588235,44.86067678845831
2024-10-21 12:47:20+00:00,200,-20.26342451874367,20.162107396149953,8.915906788247215,-60.283687943262414,-31.40830800405269,-8.713272543059778,-0.6079027355623101,-60.68895643363729,-0.5065856129685917,-7.3961499493414395,-9.87,-1.4105940126335696
2024-10-21 12:47:30+00:00,-1404,-1028.5714285714287,-830.0366300366301,475.45787545787545,1466.6666666666667,-882.7838827838827,364.1025641025641,1604.3956043956043,-863.7362637362637,19.78021978021978,-32.234432234432234,1.365,-550.8319753401875
2024-10-21 12:47:40+00:00,200,17.140631086871835,-15.769380599922089,-29.396182313985197,58.706661472536034,-84.76042072458122,14.398130112972341,94.01636151149202,-69.0767432800935,-30.596026490066226,-13.369692247760032,11.668181818181818,-9.908301104371724
2024-10-21 12:47:50+00:00,0,0.0,1.941747572815534,0.009708737864077669,4.902912621359223,0.0970873786407767,0.970873786407767,0.14563106796116504,10.766990291262136,0.0970873786407767,1.0679611650485437,103.0,-0.7257306899131778
2024-10-21 12:48:10+00:00,-128,-9.876543209876543,-45.138888888888886,-1.7746913580246912,60.03086419753086,-45.447530864197525,-16.666666666666664,-53.62654320987654,46.60493827160494,-49.53703703703703,-7.561728395061728,12.96,-22.510879305811663
2024-10-21 12:48:20+00:00,-1016,394.9465500485909,-1.554907677356657,-316.03498542274053,-24.878522837706512,-116.61807580174928,-29.543245869776484,819.8250728862974,-186.58892128279885,233.23615160349857,-337.0262390670554,-2.5725,119.0266352094055
2024-10-21 12:48:30+00:00,20,1.8329221008107157,29.143461402890377,103.01022206556222,81.01515685583364,64.24391963341559,18.87909763835037,55.81247796968629,55.44589354952415,-29.051815297849842,103.28516038068382,10.911538461538461,18.053819039468003
2024-10-21 12:48:40+00:00,0,0.0,-285.20195838433295,385.0061199510404,-55.9608323133415,65.2141982864137,46.70746634026928,63.89228886168911,-273.5250917992656,239.15544675642596,99.80416156670746,9.077777777777778,98.44620979352605
2024-10-21 12:48:50+00:00,0,0.0,-272.03850120316264,172.9254039188725,-43.89137160536267,76.67239601237539,131.78411825369542,79.20247507734618,-66.55207975249228,-127.93399793743555,22.220694396699898,9.090625,17.536772991183014
2024-10-21 12:49:00+00:00,-1,-0.01152073732718894,-1.4861751152073732,-4.619815668202765,-5.956221198156682,-2.5,-5.760368663594471,-4.619815668202765,-1.163594470046083,-6.912442396313364,-6.970046082949309,86.8,-1.5924044691342565
2024-10-21 12:49:10+00:00,0,0.0,-97.70833333333333,250.83333333333331,-160.0,-35.69444444444444,96.875,27.77777777777778,-0.9722222222222222,69.16666666666667,69.72222222222221,14.4,57.28990092476086
2024-10-21 12:49:20+00:00,-142,14.001183198580163,276.5726681127983,-138.82863340563992,175.80358903569316,-166.43660027607967,-96.23348451981857,-61.72352593176888,-92.68388877933347,-8.085190297771643,-52.94813646223625,-10.142,-32.3065407355131
2024-10-21 12:49:30+00:00,0,0.0,-33.92529087568892,52.75566442131048,5.848132271892224,24.372320881812616,33.55786895284752,15.737905695039805,15.156154317207594,-11.910593998775262,2.2045315370483776,32.66,6.394827905738835
2024-10-21 12:49:40+00:00,100,-3.1457532331352676,59.98951415588955,50.80391471513457,-12.70884306186648,110.19573575672842,-14.94232785739252,-27.682628451590354,9.279972037749038,-1.447046487242223,9.65746242572527,-31.788888888888888,18.329789545153897
2024-10-21 12:49:50+00:00,-355,-85.26654950205038,285.1025190392502,-237.78558875219684,797.9027533684828,-382.3784417106034,818.0785002929116,316.0867018160516,75.41886350322203,382.8588166373755,33.62624487404804,4.163414634146341,-118.63229706618024
2024-10-21 12:50:00+00:00,90,-400.0,1733.3333333333333,3586.6666666666665,-5360.0,4440.0,-2200.0,-2200.0,400.0,-377.77777777777777,417.77777777777777,-0.225,1210.4322110556775
2024-10-21 12:50:10+00:00,490,59.39393939393939,-95.75757575757575,-109.93939393939394,97.6969696969697,-121.21212121212122,47.878787878787875,-0.6060606060606061,-23.636363636363637,2.6666666666666665,-18.666666666666668,8.25,-12.990366341745812
2024-10-21 12:50:20+00:00,100,-68.64274570982839,1365.9906396255851,1865.7098283931357,-1107.207488299532,1711.95007800312,-810.6708268330733,-538.8455538221529,0.6864274570982839,-96.78627145085804,78.25273010920436,-1.4568181818181818,527.569491783372
2024-10-21 12:50:30+00:00,-110,-4.931629679444071,-80.56489576328178,81.41672270791302,-26.451468280654563,31.114099977583503,102.89172831203766,-22.37166554584174,11.611746245236494,5.559291638646044,5.335126653216768,22.305,12.291838909220315
2024-10-21 12:50:40+00:00,-100,-16.94915254237288,-52.54237288135593,-152.03389830508473,136.77966101694915,-152.54237288135593,151.6949152542373,16.94915254237288,-43.389830508474574,34.91525423728813,-25.93220338983051,5.9,-51.70442871534101
2024-10-21 12:50:50+00:00,0,0.0,80.41237113402063,-246.80412371134022,248.65979381443302,-205.979381443299,102.0618556701031,102.0618556701031,-44.12371134020619,43.09278350515464,-19.381443298969074,4.85,-65.77681179410668
2024-10-21 12:51:00+00:00,-200,-102.56410256410257,292.3076923076923,-1738.9743589743591,1855.3846153846155,-1536.923076923077,761.5384615384615,761.5384615384615,-329.2307692307692,321.53846153846155,-144.6153846153846,1.95,-531.7885727817091
2024-10-21 12:51:10+00:00,90,33.088235294117645,-73.52941176470588,-666.9117647058823,886.7647058823529,-734.5588235294117,363.9705882352941,363.9705882352941,-157.35294117647058,153.67647058823528,-69.11764705882352,2.72,-203.64852131323354
2024-10-21 12:51:20+00:00,80,14.757878554957724,-16.60261337432744,-240.5534204458109,371.34511913912377,-350.315142198309,256.41813989239046,109.76172175249808,-86.70253651037663,76.5564950038432,-45.564950038431974,5.420833333333333,-80.40765594383558
2024-10-21 12:51:30+00:00,-210,-74.46808510638299,138.29787234042553,-1421.276595744681,1710.6382978723404,-1417.0212765957447,702.1276595744681,702.1276595744681,-303.54609929078015,296.45390070921985,-133.33333333333334,2.82,-459.8884299472054
2024-10-21 12:51:40+00:00,-200,-109.89010989010988,318.68131868131866,-1315.3846153846152,1325.2747252747251,-1097.8021978021977,543.9560439560439,543.9560439560439,-235.16483516483515,229.67032967032966,-103.2967032967033,1.82,-401.7598687214447
2024-10-21 12:51:50+00:00,-164,-41.70753860127157,-333.6603088101726,-63.06993642143506,428.7738419618529,-483.70572207084473,377.6566757493188,222.77929155313353,-29.24613987284287,72.98819255222526,-134.5322434150772,3.932142857142857,-114.8789069200719
2024-10-21 12:52:00+00:00,-10,-17.582417582417584,-1770.5494505494505,33.40659340659341,363.95604395604397,-886.1538461538462,1740.6593406593406,494.0659340659341,-8.791208791208792,202.19780219780222,8.791208791208792,0.56875,-146.5475601351813
2024-10-21 12:52:10+00:00,0,0.0,-5.498281786941581,-326.3230240549828,331.5463917525773,-274.63917525773195,136.08247422680412,136.08247422680412,-58.83161512027491,57.457044673539514,-25.841924398625427,3.6375,-92.05992706370822
2024-10-21 12:52:20+00:00,141,-21.38523761375126,-5.763397371081901,133.61981799797775,-1.6683518705763396,241.30434782608694,123.0030333670374,-269.96966632962585,111.17290192113245,15.773508594539939,-0.0,-6.593333333333334,25.8094574033315
2024-10-21 12:52:30+00:00,-54,-1.7970049916805324,-6.389351081530782,-10.449251247920133,35.84026622296173,-34.10981697171381,15.707154742096506,13.444259567387688,-28.81863560732113,-13.94342762063228,-23.061564059900167,30.05,-9.960184477276233
2024-10-21 12:52:40+00:00,7,6.814159292035398,-19.469026548672566,-980.2654867256637,1173.9823008849557,-366.9911504424779,1041.5929203539822,662.9203539823009,15.575221238938052,209.29203539823007,491.59292035398227,1.0272727272727273,-213.6870932482039
2024-10-21 12:53:00+00:00,-232,32.91487532244196,-54.47979363714531,14.32932072226999,345.60619088564056,23.267411865864144,-253.3877901977644,-14.89681857265692,-185.146173688736,-319.78503869303523,-124.42390369733448,-7.048484848484849,-47.016614205476195
2024-10-21 12:53:10+00:00,-400,-9.57510472770796,0.0,-0.0478755236385398,-2.39377618192699,-9.57510472770796,-0.0239377618192699,-2.39377618192699,-11.968880909634949,-2.5134649910233393,-1.5080789946140036,41.775,-4.390660191171781
2024-10-21 12:53:20+00:00,-673,-54.567567567567565,-10.135135135135135,7.945945945945946,24.324324324324323,-32.35135135135135,8.027027027027026,32.43243243243243,-32.027027027027025,-3.4054054054054053,-0.24324324324324323,12.333333333333334,-25.70592715564376
2024-10-21 12:53:30+00:00,-99,-1.9469026548672566,-11.799410029498524,-2.4975417895771876,-0.03933136676499508,-1.966568338249754,-7.866273352999016,-0.01966568338249754,-1.966568338249754,-9.83284169124877,-2.0648967551622417,50.85,-2.876535583949477
2024-10-21 12:53:40+00:00,0,0.0,-71.1731843575419,19.553072625698324,25.549348230912475,78.2122905027933,-104.02234636871508,25.810055865921786,104.28305400372439,-102.97951582867783,-10.949720670391061,3.835714285714286,-12.074081375915679
2024-10-21 12:53:50+00:00,-8,-0.23934181002243832,-2.9618548990276743,-11.967090501121916,-3.7995512341062083,-0.05983545250560958,-2.991772625280479,-11.967090501121916,-0.02991772625280479,-2.991772625280479,-14.958863126402395,33.425,-3.1463047849567753
2024-10-21 12:54:00+00:00,0,0.0,0.0,-166.3917525773196,248.65979381443302,-205.979381443299,102.0618556701031,97.93814432989691,-40.0,43.09278350515464,-19.381443298969074,4.85,-57.243649067461405
2024-10-21 12:54:10+00:00,1,-0.30812324929971985,-0.0,310.28011204481794,-371.5966386554622,277.00280112044817,-275.77030812324927,-146.66666666666666,28.96358543417367,-218.45938375350138,-3.3893557422969187,-3.2454545454545456,76.23487303527507
2024-10-21 12:54:20+00:00,0,-0.0,-37.69230769230769,-38.84615384615385,28.076923076923077,10.384615384615385,-115.38461538461539,153.46153846153845,-38.07692307692307,-153.84615384615384,151.9230769230769,-2.6,-10.761437130790569
2024-10-21 12:54:30+00:00,169,-37.53238741517581,-6.884639111659469,66.18136952498458,261.17211597779146,174.78099938309683,-156.79210363972854,-45.08328192473781,-126.81061073411473,-291.8198642813078,-79.0623072177668,-4.502777777777778,-44.4023811675624
2024-10-21 12:54:40+00:00,-59,-0.4617491684601839,-0.6887106241440031,-1.408726276658188,2.1365681862649186,8.663666601447858,-3.1226765799256504,7.818430835452944,3.1696341224809235,-3.6783408334963803,0.9313245940129132,127.775,-0.39284327223060145
2024-10-21 12:54:50+00:00,-93,-13.880597014925373,-40.298507462686565,15.074626865671641,-48.656716417910445,-8.059701492537313,89.55223880597015,-119.1044776119403,29.55223880597015,119.40298507462687,-117.91044776119402,6.7,-0.40184107345132425
2024-10-21 12:55:00+00:00,-203,160.96916299559473,-289.4273127753304,-627.2246696035243,1263.9647577092512,-315.5947136563877,63.436123348017624,-326.69603524229075,6.343612334801763,-660.5286343612335,-342.55506607929516,-1.261111111111111,-261.2064914340037
2024-10-21 12:55:10+00:00,-497,36.43249847281613,-35.84605986560782,159.21808185705558,67.00061087354918,96.68906536346975,140.0122174709835,-68.54001221747097,19.35247403787416,22.21136224801466,33.133781307269395,-13.641666666666667,43.64284228990703
2024-10-21 12:55:20+00:00,-807,-153.04157549234137,-1.7067833698030634,-306.08315098468273,232.31218088986142,-150.1969365426696,-1.7067833698030634,274.0335521517141,16.49890590809628,42.479941648431804,3.9824945295404817,5.273076923076923,-138.63000209779352
2024-10-21 12:55:30+00:00,-575,-26.088929219600725,13.929219600725954,-54.17422867513612,123.09437386569873,-63.38475499092559,72.32304900181488,62.613430127041745,-25.362976406533576,17.740471869328495,-3.720508166969147,22.04,-31.159070997994757
2024-10-21 12:55:40+00:00,0,-0.0,-5.233516483516484,-4.120879120879121,-16.483516483516485,-0.04120879120879121,-4.120879120879121,-20.604395604395606,-4.326923076923077,-2.5961538461538463,-2.4725274725274726,-24.266666666666666,0.3022617780977071
2024-10-21 12:55:50+00:00,-4,-0.24732996065205173,14.654300168634064,-156.18887015177066,130.59021922428332,-156.12703766160766,54.96908375491849,27.82462057335582,-54.96908375491849,13.170320404721755,-46.43620011242271,16.172727272727272,-45.66305133061069
2024-10-21 12:56:00+00:00,-25,-20.0,0.0,0.0,0.0,0.0,0.0,0.0,0.0,0.0,0.0,1.25,-8.47001499725912
2024-10-21 12:56:10+00:00,0,0.0,75.98371777476255,-51.858887381275444,-5.128900949796472,56.98778833107191,-75.79375848032565,18.80597014925373,75.98371777476255,-75.03392130257802,-7.978290366350068,5.264285714285714,-11.285439941135571
2024-10-21 12:56:30+00:00,100,-21.09181141439206,-85.42183622828784,271.029776674938,-164.30521091811414,456.848635235732,-423.52357320099253,111.36476426799007,-290.22332506203475,-216.82382133995037,44.925558312655085,-4.741176470588235,71.18317885295014
2024-10-21 12:56:50+00:00,-60,-26.258205689277897,114.66083150984682,-904.5951859956235,1043.7636761487963,-743.1072210065645,258.6433260393873,459.0809628008752,5.25164113785558,10.065645514223194,-100.65645514223195,2.285,-294.56340866513676
2024-10-21 12:57:00+00:00,175,53.48615090735434,-31.17478510028653,-279.6561604584527,316.3323782234957,-374.70869149952244,204.1642788920726,-7.3352435530085955,-151.2893982808023,185.8261700095511,-180.0191021967526,3.271875,-64.93732541676263
2024-10-21 12:57:10+00:00,3,0.20134228187919462,0.0,0.0,0.0,0.0,33.22147651006711,31.879194630872483,-13.020134228187919,14.026845637583893,-6.308724832214765,14.9,1.7258525992935192
2024-10-21 12:57:30+00:00,0,-0.0,-0.0,21.57857142857143,-4.242857142857143,42.83571428571429,0.2142857142857143,-9.535714285714286,8.957142857142857,-4.1571428571428575,4.3500000000000005,-46.666666666666664,6.367890308354436
2024-10-21 12:57:40+00:00,22,0.599545798637396,0.38152914458743376,0.5450416351249054,49.244511733535205,32.92051476154428,27.279333838001516,41.01438304314913,14.57986373959122,6.9220287660862985,6.513247539742619,36.69444444444444,-0.7814376717638427
2024-10-21 12:57:50+00:00,0,0.0,0.0,37.4025974025974,-205.0909090909091,250.5974025974026,-207.58441558441558,102.85714285714286,98.7012987012987,-40.311688311688314,43.42857142857143,4.8125,36.59459177612928
2024-10-21 12:58:10+00:00,-8,-0.1889976375295309,-4.6068174147823155,16.915288558893014,5.197435032062099,-2.5278434019574756,26.152548093148834,-9.426257171785352,23.601079986500167,9.5680053999325,-11.10361120485994,42.32857142857143,0.7476093959382978
2024-10-21 12:58:20+00:00,124,-22.9663928304705,-120.94398805078416,434.5093353248693,-76.12247946228528,901.9865571321882,20.188200149365198,234.47946228528752,-258.0014936519791,-15.372666168782674,-450.80806572068707,-5.399193548387097,101.83474135152748
2024-10-21 12:58:30+00:00,100,2.384737678855326,5.103338632750398,4.769475357710652,0.47694753577106525,28.783783783783786,0.02384737678855326,12.042925278219396,0.7154213036565978,5.341812400635931,0.3577106518282989,41.93333333333333,4.5868084362710775
2024-10-21 12:58:40+00:00,0,0.0,0.22544283413848631,-3.2914653784219006,-7.033816425120773,3.2914653784219006,-40.534621578099845,-13.616747181964573,13.481481481481483,-44.86312399355878,-29.17230273752013,22.178571428571427,-6.8717233297651275
2024-10-21 12:59:00+00:00,-21,-4.090909090909091,23.57142857142857,36.42857142857142,-88.24675324675324,-17.142857142857142,507.85714285714283,-107.72727272727272,172.4025974025974,106.16883116883116,-185.45454545454544,5.133333333333334,1.7104118385157956
2024-10-21 12:59:10+00:00,100,9.978617248752672,0.0,0.0,52.587312900926584,-12.47327156094084,9.579472558802566,19.957234497505343,-79.72915181753385,9.779044903777619,29.935851746258017,10.021428571428572,5.537408627594557
2024-10-21 12:59:20+00:00,0,-0.0,-0.08343763037129746,6.675010429703796,0.33375052148518985,20.141843971631207,0.016687526074259492,8.427200667501044,0.5006257822277848,3.738005840634126,0.2503128911138924,-59.925,2.8516675038706727
2024-10-21 12:59:30+00:00,-100,28.436018957345972,0.5687203791469194,-3.6966824644549763,20.75829383886256,35.54502369668246,-27.86729857819905,-85.30805687203791,113.45971563981043,-28.151658767772513,-113.74407582938389,-3.5166666666666666,-4.217034325855138
2024-10-21 12:59:40+00:00,0,-0.0,-0.0,20.0,-0.0,-0.0,-0.0,-0.0,-0.0,-0.0,-0.0,-10.0,3.0168254745321073
2024-10-21 12:59:50+00:00,-49,7.060518731988473,-26.080691642651296,26.080691642651296,-44.23631123919308,170.7492795389049,-188.1844380403458,14.985590778097983,-68.5878962536023,13.544668587896252,-102.16138328530259,-6.94,18.302826206957604
2024-10-21 13:00:00+00:00,0,0.0,0.0,0.0,-4.301075268817204,-2.7311827956989245,-0.043010752688172046,-2.150537634408602,-8.602150537634408,-0.021505376344086023,-2.150537634408602,46.5,0.38826940985868896
2024-10-21 13:00:10+00:00,0,0.0,0.0,215.9052453468697,-479.0862944162436,448.93401015228426,-187.61421319796952,176.81895093062604,-72.2165820642978,77.80033840947546,-34.991539763113366,5.372727272727273,115.44425372795307
2024-10-21 13:00:20+00:00,0,-0.0,-0.0,-8.883693746347166,28.21741671537113,0.023378141437755698,11.805961426066627,0.701344243132671,5.236703682057277,0.3506721215663355,2.5482174167153713,-42.775,-3.751588803218269
2024-10-21 13:00:30+00:00,-100,-6.654567453115548,0.06654567453115548,66.47912885662431,-1.7967332123411979,53.83545069570478,-10.181488203266788,59.957652752571086,-11.246218995765275,-31.675741076830008,34.13793103448276,15.027272727272727,11.561106913574607
2024-10-21 13:00:40+00:00,-102,14.096742349457058,-25.15301085883514,1.3820335636722607,-43.257650542941754,-7.462981243830208,16.999012833168806,-27.364264560710758,-96.74234945705824,55.00493583415597,-27.502467917077986,-7.235714285714286,15.815933283306425
2024-10-21 13:00:50+00:00,-605,-836.9924812030075,569.984962406015,-4000.9624060150377,1124.751879699248,-1391.7593984962407,-29.05263157894737,333.4135338345865,832.8421052631579,-842.5263157894736,157.71428571428572,0.7228260869565217,-1241.1431041330027
2024-10-21 13:01:00+00:00,-200,40.609137055837564,-40.609137055837564,-4.060913705583756,-17.055837563451778,-25.786802030456855,-0.40609137055837563,-20.304568527918782,-81.21827411167513,-0.20304568527918782,-20.304568527918782,-4.925,16.477820865254007
2024-10-21 13:01:10+00:00,-66,-104.55445544554456,624.1584158415842,-5801.188118811881,3052.673267326733,-3660.9900990099013,716.0396039603961,845.940594059406,-581.3861386138614,-1180.1980198019803,1900.990099009901,0.63125,-1371.5895783082678
2024-10-21 13:01:20+00:00,-362,-43.98856325947106,-34.63187991422445,-10.328806290207291,-19.685489635453898,-20.050035739814156,-34.51036454610436,-39.735525375268054,-27.583988563259474,-60.75768406004289,-48.7276626161544,8.229411764705882,-29.830057219611692
2024-10-21 13:01:30+00:00,0,0.0,0.0,9.331259720062208,56.314152410575424,0.04665629860031104,23.561430793157076,-11.337480559875583,4.105754276827372,18.662519440124417,-17.91601866251944,21.433333333333334,-3.182355057824303
2024-10-21 13:01:40+00:00,0,-0.0,-0.0,37.15867158671586,0.03690036900369004,18.634686346863468,-6.273062730627306,-0.44280442804428044,-0.0,-14.206642066420663,3.9852398523985237,-27.1,5.935484040956061
2024-10-21 13:01:50+00:00,-150,637.5,9299.0,-1351.5,2159.0,-1674.5,1555.5,786.25,178.5,824.5,1279.25,-0.23529411764705882,320.30873794634147
2024-10-21 13:02:00+00:00,-559,139.1963780418789,7.968307866440295,61.75438596491229,113.79739671760046,-605.5913978494624,97.61177136389361,-354.58970005659313,-339.6491228070176,44.5727221279004,-527.6513865308433,-4.015909090909091,-7.299066518177611
2024-10-21 13:02:10+00:00,-3890,-2468.629375204449,-1248.910696761531,-1572.5613346418058,-616.2054301602878,-526.0909388289173,-112.32580961727184,-1330.1406607785411,-52.67255479228002,1021.0860320575728,-1901.2888452731436,1.5757731958762886,-1368.8133249598332
2024-10-21 13:02:20+00:00,-290,484.5569620253164,499.59493670886076,890.5822784810126,-903.9493670886076,1695.9493670886075,-138.68354430379748,-1321.6708860759493,2576.506329113924,-1146.2278481012659,-1846.3291139240505,-0.5984848484848485,201.52793522558204
2024-10-21 13:02:30+00:00,-1008,-359.23631735256686,-233.07594399660587,-145.04879083580823,-320.0339414509971,354.95969452694106,-391.6673737802291,42.40984302078914,-280.83156554942724,-300.789138735681,151.82011030971574,2.8059523809523808,-135.34926809181897
2024-10-21 13:02:40+00:00,-883,-472.89727831431077,-413.9859525899912,-196.01404741000877,132.81826163301142,-532.8797190517998,-313.83669885864794,179.94732221246707,-212.6163301141352,259.20983318700615,47.12906057945566,1.8672131147540985,-262.7498254909149
2024-10-21 13:02:50+00:00,277,-371.3966480446927,934.5251396648044,1512.4022346368715,-1009.608938547486,-1315.3072625698323,-784.3575418994413,339.21787709497204,-1218.7709497206704,-1621.0055865921788,280.22346368715085,-0.7458333333333333,19.466034443518364
2024-10-21 13:03:00+00:00,-502,-29.171912832929785,-23.24455205811138,-21.733656174334143,-0.05811138014527845,15.80629539951574,-13.13317191283293,-23.24455205811138,5.753026634382567,0.2324455205811138,-31.20581113801453,17.208333333333332,-18.110956314856633
2024-10-21 13:03:10+00:00,-5,-4.914933837429111,-493.4593572778828,198.56332703213613,-177.92060491493385,173.98865784499057,-114.02646502835539,572.0982986767486,-1265.1039697542533,41.28544423440454,1333.913043478261,1.0173076923076922,197.2017450926495
2024-10-21 13:03:20+00:00,-153,34.580814717477004,-30.738501971090667,-22.827858081471746,-157.53482260183966,-87.46911957950066,-59.6688567674113,-240.48357424441522,28.026281208935607,-56.27858081471747,-252.688567674113,-4.424418604651163,-9.215492964110966
2024-10-21 13:03:30+00:00,228,-80.99467140319716,197.86856127886324,-115.45293072824157,-103.37477797513321,-207.8152753108348,-123.26820603907638,-128.95204262877442,-324.6891651865009,-38.36589698046181,53.285968028419184,-2.815,-35.76902013580516
2024-10-21 13:03:40+00:00,0,-0.0,-151.83673469387753,59.59183673469387,22.04081632653061,-244.89795918367346,325.71428571428567,-80.81632653061224,-326.53061224489795,322.4489795918367,34.285714285714285,-1.225,31.266941863399325
2024-10-21 13:03:50+00:00,46,9.796708615682478,-116.28267182962246,-11.500484027105518,189.75798644724105,-148.8673765730881,34.714424007744434,156.53436592449177,-166.11810261374637,-8.305905130687318,10.222652468538238,4.695454545454545,-22.39433954012604
2024-10-21 13:04:00+00:00,55,-72.89156626506025,-229.27710843373495,-1194.0963855421687,274.33734939759034,-555.3012048192771,-1422.0481927710844,503.6144578313253,-14.578313253012048,-294.2168674698795,-263.73493975903614,-0.7545454545454545,-339.3617789637644
2024-10-21 13:04:10+00:00,-220,-9.927797833935019,-27.075812274368232,-5.731046931407942,-4.512635379061372,-18.050541516245488,-0.04512635379061372,-4.512635379061372,-22.56317689530686,-4.73826714801444,-2.8429602888086642,22.16,-6.834298908822453
2024-10-21 13:04:20+00:00,38,-20.602409638554217,211.9879518072289,-40.12048192771084,-146.9277108433735,113.3132530120482,39.03614457831325,-157.2289156626506,214.15662650602408,-3.795180722891566,22.2289156626506,-1.8444444444444446,7.174195523083402
2024-10-21 13:04:30+00:00,-14,-0.4305484366991287,-0.6150691952844696,-12.762685802152742,-1.1071245515120451,-0.030753459764223477,-13.377754997437211,-2.0297283444387495,-2.7678113787801126,-13.992824192721681,-1.5684264479753973,32.516666666666666,-3.418494524265615
